-- Inserir dados na tabela Filiais de preferência estados do Nordeste e Norte
INSERT INTO Filiais (FilialId, NomeFilial, Estado, UF, Endereco) VALUES
(1, 'Matriz', 'Pernambuco', 'PE', 'Rua da Aurora, 123, Recife'),
(2, 'Filial A', 'Bahia', 'BA', 'Av. Tancredo Neves, 456, Salvador'),
(3, 'Filial B', 'Ceará', 'CE', 'Av. Beira Mar, 789, Fortaleza'),
(4, 'Filial C', 'Maranhão', 'MA', 'Rua São Luís, 101, São Luís'),
(5, 'Filial D', 'Pará', 'PA', 'Travessa Doca, 202, Belém'),
(6, 'Filial E', 'Paraíba', 'PB', 'Av. Epitácio Pessoa, 303, João Pessoa'),
(7, 'Filial F', 'Amazonas', 'AM', 'Av. Eduardo Ribeiro, 404, Manaus'),
(8, 'Filial G', 'Alagoas', 'AL', 'Av. Fernandes Lima, 505, Maceió'),
(9, 'Filial H', 'Piauí', 'PI', 'Av. Frei Serafim, 606, Teresina'),
(10, 'Filial I', 'Acre', 'AC', 'Rua Rio Branco, 707, Rio Branco'),
(11, 'Filial J', 'Amapá', 'AP', 'Av. FAB, 808, Macapá'),
(12, 'Filial K', 'Roraima', 'RR', 'Av. Ville Roy, 909, Boa Vista'),
(13, 'Filial L', 'Tocantins', 'TO', 'Av. JK, 1010, Palmas'),
(14, 'Filial M', 'Rondônia', 'RO', 'Av. Rio Madeira, 1111, Porto Velho');

-- Inserir dados na tabela Setores
INSERT INTO Setores (SetoresId, NomeSetor) VALUES
(1, 'Financeiro'),
(2, 'Recursos Humanos'),
(3, 'Logística'),
(4, 'Vendas'),
(5, 'Marketing'),
(6, 'TI - Tecnologia da Informação'),
(7, 'Produção'),
(8, 'Qualidade'),
(9, 'Atendimento ao Cliente'),
(10, 'Jurídico'),
(11, 'Compras'),
(12, 'Almoxarifado'),
(13, 'Projetos'),
(14, 'Saúde e Segurança no Trabalho'),
(15, 'Marketing'),
(16, 'Estoque');

-- Inserir dados na tabela de Benefícios
INSERT INTO Beneficios (BeneficioID, NomeBeneficio, Valor, Desconto) VALUES
(1, 'Plano de Saúde', 100.00, "Sim"),
(2, 'Vale Refeição', 600.00), "Não",
(3, 'Plano Odontológico', .00, "Sim");

-- Inserir dados na tabela de Funcionários
INSERT INTO Funcionarios (FuncionarioID, Nome, Sobrenome, Cargo, Setor, Matricula, DataAdmissao, DataNascimento, IdFilial, FuncionarioAtivo, Beneficio1, Beneficio2, Beneficio3) VALUES
(1, 'João', 'Silva', 'Analista de Finanças', 1, 'M12345', '2021-01-10', '1985-05-10', 1, true, 1, 2, 3),
(2, 'Maria', 'Santos', 'Recrutador', 2, 'RH6789', '2020-05-20', '1990-08-22', 2, true, 2, 3, 1),
(3, 'Pedro', 'Oliveira', 'Analista de Logística', 3, 'L56789', '2019-09-10', '1988-12-03', 3, true, 3, 1, 2),
(4, 'Ana', 'Pereira', 'Gerente de Vendas', 4, 'V98765', '2018-03-25', '1982-07-10', 4, true, 1, 2, 3),
(5, 'Lucas', 'Fernandes', 'Especialista em Marketing', 5, 'M23456', '2021-06-12', '1992-02-28', 5, true, 2, 3, 1),
(6, 'Carla', 'Almeida', 'Analista de TI', 6, 'TI78901', '2020-02-18', '1987-11-08', 6, true, 3, 1, 2),
(7, 'Rodrigo', 'Machado', 'Supervisor de Produção', 7, 'P12345', '2019-08-30', '1984-04-20', 7, true, 1, 2, 3),
(8, 'Fernanda', 'Costa', 'Analista de Qualidade', 8, 'Q56789', '2018-11-05', '1981-09-14', 8, true, 2, 3, 1),
(9, 'Gabriel', 'Lima', 'Atendente de Suporte', 9, 'AS45678', '2021-03-07', '1995-01-02', 9, true, 3, 1, 2),
(10, 'Isabela', 'Mendes', 'Advogado', 10, 'J12345', '2020-07-22', '1989-06-18', 10, true, 1, 2, 3),
(11, 'Daniel', 'Cruz', 'Analista de Compras', 11, 'C78901', '2019-01-14', '1983-10-30', 11, true, 2, 3, 1),
(12, 'Larissa', 'Martins', 'Técnico de Manutenção', 12, 'M23456', '2018-04-28', '1986-03-12', 12, true, 3, 1, 2),
(13, 'Rafael', 'Sousa', 'Engenheiro de Processos', 13, 'EP56789', '2021-09-03', '1993-04-25', 13, true, 1, 2, 3),
(14, 'Juliana', 'Barbosa', 'Técnico em Saúde e Segurança', 14, 'SS78901', '2020-12-17', '1994-08-08', 14, true, 2, 3, 1),
(15, 'Mariana', 'Lopes', 'Analista de Marketing Digital', 10, 'MD12345', '2019-04-10', '1980-12-01', 10, true, 3, 1, 2),
(16, 'Alexandre', 'Ferreira', 'Pesquisador Científico', 13, 'PC56789', '2018-10-10', '1984-06-28', 13, true, 1, 2, 3),
(17, 'Tatiane', 'Ribeiro', 'Analista de Finanças', 1, 'M67890', '2021-02-28', '1987-02-10', 1, true, 2, 3, 1),
(18, 'Hugo', 'Gomes', 'Recrutador', 2, 'RH23456', '2020-06-05', '1991-07-20', 2, true, 3, 1, 2),
(19, 'Patricia', 'Carvalho', 'Analista de Logística', 3, 'L78901', '2019-10-22', '1983-11-05', 3, true, 1, 2, 3),
(20, 'Carlos', 'Santana', 'Gerente de Vendas', 4, 'V23456', '2018-04-10', '1986-08-18', 4, true, 2, 3, 1),
(21, 'Leticia', 'Nascimento', 'Especialista em Marketing', 5, 'M34567', '2021-07-30', '1994-01-22', 5, true, 3, 1, 2),
(22, 'Eduardo', 'Rocha', 'Analista de TI', 6, 'TI89012', '2020-03-18', '1988-09-14', 6, true, 1, 2, 3),
(23, 'Camila', 'Oliveira', 'Supervisor de Produção', 7, 'P23456', '2019-09-01', '1985-04-20', 7, true, 2, 3, 1),
(24, 'Vitor', 'Goncalves', 'Analista de Qualidade', 8, 'Q78901', '2018-12-10', '1982-10-30', 8, true, 3, 1, 2),
(25, 'Aline', 'Ferreira', 'Atendente de Suporte', 9, 'AS56789', '2021-04-07', '1996-01-02', 9, true, 1, 2, 3),
(26, 'Leandro', 'Cunha', 'Advogado', 10, 'J67890', '2020-08-22', '1990-06-18', 10, true, 2, 3, 1),
(27, 'Renata', 'Moraes', 'Analista de Compras', 11, 'C12345', '2019-02-14', '1984-10-30', 11, true, 3, 1, 2),
(28, 'Mateus', 'Pereira', 'Técnico de Manutenção', 12, 'M34567', '2018-05-28', '1987-03-12', 12, true, 1, 2, 3),
(29, 'Beatriz', 'Silva', 'Engenheira de Processos', 13, 'EP78901', '2021-10-03', '1992-04-25', 13, true, 2, 3, 1),
(30, 'Felipe', 'Fonseca', 'Técnico em Saúde e Segurança', 14, 'SS12345', '2020-01-17', '1995-08-08', 14, true, 3, 1, 2),
(31, 'Gabriela', 'Rocha', 'Analista de Finanças', 1, 'M78901', '2021-03-10', '1988-05-10', 1, true, 2, 3, 1),
(32, 'Victor', 'Lima', 'Recrutador', 2, 'RH34567', '2020-07-20', '1993-08-22', 2, true, 3, 1, 2),
(33, 'Camila', 'Mendes', 'Analista de Logística', 3, 'L89012', '2019-11-10', '1984-12-03', 3, true, 1, 2, 3),
(34, 'Ricardo', 'Pereira', 'Gerente de Vendas', 4, 'V34567', '2018-05-25', '1982-07-10', 4, true, 2, 3, 1),
(35, 'Larissa', 'Fernandes', 'Especialista em Marketing', 5, 'M45678', '2021-08-12', '1990-02-28', 5, true, 3, 1, 2),
(36, 'Lucas', 'Almeida', 'Analista de TI', 6, 'TI01234', '2020-03-18', '1987-11-08', 6, true, 1, 2, 3),
(37, 'Tatiane', 'Machado', 'Supervisora de Produção', 7, 'P34567', '2019-09-30', '1984-04-20', 7, true, 2, 3, 1),
(38, 'Hugo', 'Costa', 'Analista de Qualidade', 8, 'Q01234', '2018-12-05', '1981-09-14', 8, true, 3, 1, 2),
(39, 'Isabella', 'Lima', 'Atendente de Suporte', 9, 'AS67890', '2021-04-07', '1995-01-02', 9, true, 1, 2, 3),
(40, 'Gustavo', 'Mendes', 'Advogado', 10, 'J01234', '2020-08-22', '1989-06-18', 10, true, 2, 3, 1),
(41, 'Daniela', 'Cruz', 'Analista de Compras', 11, 'C67890', '2019-01-14', '1983-10-30', 11, true, 3, 1, 2),
(42, 'Fernando', 'Martins', 'Técnico de Manutenção', 12, 'M45678', '2018-04-28', '1986-03-12', 12, true, 1, 2, 3),
(43, 'Mariana', 'Sousa', 'Engenheira de Processos', 13, 'EP01234', '2021-09-03', '1993-04-25', 13, true, 2, 3, 1),
(44, 'Roberto', 'Barbosa', 'Técnico em Saúde e Segurança', 14, 'SS67890', '2020-12-17', '1994-08-08', 14, true, 3, 1, 2),
(45, 'Amanda', 'Lopes', 'Analista de Marketing Digital', 10, 'MD01234', '2019-04-10', '1980-12-01', 10, true, 1, 2, 3),
(46, 'Alex', 'Ferreira', 'Pesquisador Científico', 13, 'PC67890', '2018-10-10', '1984-06-28', 13, true, 2, 3, 1),
(47, 'Julia', 'Ribeiro', 'Analista de Finanças', 1, 'M78901', '2021-02-28', '1987-02-10', 1, true, 3, 1, 2),
(48, 'Leonardo', 'Gomes', 'Recrutador', 2, 'RH01234', '2020-06-05', '1991-07-20', 2, true, 1, 2, 3),
(49, 'Vanessa', 'Carvalho', 'Analista de Logística', 3, 'L67890', '2019-10-22', '1983-11-05', 3, true, 2, 3, 1),
(50, 'Eduardo', 'Santana', 'Gerente de Vendas', 4, 'V45678', '2018-04-10', '1986-08-18', 4, true, 3, 1, 2),
(51, 'Caroline', 'Nascimento', 'Especialista em Marketing', 5, 'M56789', '2021-07-30', '1994-01-22', 5, true, 1, 2, 3),
(52, 'Carlos', 'Rocha', 'Analista de TI', 6, 'TI12345', '2020-03-18', '1988-09-14', 6, true, 2, 3, 1),
(53, 'Camila', 'Oliveira', 'Supervisora de Produção', 7, 'P45678', '2019-09-01', '1985-04-20', 7, true, 3, 1, 2),
(54, 'Ricardo', 'Goncalves', 'Analista de Qualidade', 8, 'Q01234', '2018-12-10', '1982-10-30', 8, true, 1, 2, 3),
(55, 'Laura', 'Ferreira', 'Atendente de Suporte', 9, 'AS67890', '2021-04-07', '1996-01-02', 9, true, 2, 3, 1),
(56, 'Leandro', 'Cunha', 'Advogado', 10, 'J12345', '2020-08-22', '1990-06-18', 10, true, 3, 1, 2),
(57, 'Renata', 'Moraes', 'Analista de Compras', 11, 'C67890', '2019-02-14', '1984-10-30', 11, true, 1, 2, 3),
(58, 'Mateus', 'Pereira', 'Técnico de Manutenção', 12, 'M34567', '2018-05-28', '1987-03-12', 12, true, 2, 3, 1),
(59, 'Beatriz', 'Silva', 'Engenheira de Processos', 13, 'EP78901', '2021-10-03', '1992-04-25', 13, true, 3, 1, 2),
(60, 'Felipe', 'Fonseca', 'Técnico em Saúde e Segurança', 14, 'SS12345', '2020-01-17', '1995-08-08', 14, true, 1, 2, 3),
(61, 'Gabriel', 'Rocha', 'Analista de Finanças', 1, 'M78901', '2021-03-10', '1988-05-10', 1, true, 2, 3, 1),
(62, 'Victor', 'Lima', 'Recrutador', 2, 'RH34567', '2020-07-20', '1993-08-22', 2, true, 3, 1, 2),
(63, 'Camila', 'Mendes', 'Analista de Logística', 3, 'L89012', '2019-11-10', '1984-12-03', 3, true, 1, 2, 3),
(64, 'Ricardo', 'Pereira', 'Gerente de Vendas', 4, 'V34567', '2018-05-25', '1982-07-10', 4, true, 2, 3, 1),
(65, 'Larissa', 'Fernandes', 'Especialista em Marketing', 5, 'M45678', '2021-08-12', '1990-02-28', 5, true, 3, 1, 2),
(66, 'Lucas', 'Almeida', 'Analista de TI', 6, 'TI01234', '2020-03-18', '1987-11-08', 6, true, 1, 2, 3),
(67, 'Tatiane', 'Machado', 'Supervisora de Produção', 7, 'P34567', '2019-09-30', '1984-04-20', 7, true, 2, 3, 1),
(68, 'Hugo', 'Costa', 'Analista de Qualidade', 8, 'Q01234', '2018-12-05', '1981-09-14', 8, true, 3, 1, 2),
(69, 'Isabella', 'Lima', 'Atendente de Suporte', 9, 'AS67890', '2021-04-07', '1995-01-02', 9, true, 1, 2, 3),
(70, 'Gustavo', 'Mendes', 'Advogado', 10, 'J01234', '2020-08-22', '1989-06-18', 10, true, 2, 3, 1),
(71, 'Daniela', 'Cruz', 'Analista de Compras', 11, 'C67890', '2019-01-14', '1983-10-30', 11, true, 3, 1, 2),
(72, 'Fernando', 'Martins', 'Técnico de Manutenção', 12, 'M45678', '2018-04-28', '1986-03-12', 12, true, 1, 2, 3),
(73, 'Mariana', 'Sousa', 'Engenheira de Processos', 13, 'EP01234', '2021-09-03', '1993-04-25', 13, true, 2, 3, 1),
(74, 'Roberto', 'Barbosa', 'Técnico em Saúde e Segurança', 14, 'SS67890', '2020-12-17', '1994-08-08', 14, true, 3, 1, 2),
(75, 'Amanda', 'Lopes', 'Analista de Marketing Digital', 10, 'MD01234', '2019-04-10', '1980-12-01', 10, true, 1, 2, 3),
(76, 'Alex', 'Ferreira', 'Pesquisador Científico', 13, 'PC67890', '2018-10-10', '1984-06-28', 13, true, 2, 3, 1),
(77, 'Julia', 'Ribeiro', 'Analista de Finanças', 1, 'M78901', '2021-02-28', '1987-02-10', 1, true, 3, 1, 2),
(78, 'Leonardo', 'Gomes', 'Recrutador', 2, 'RH01234', '2020-06-05', '1991-07-20', 2, true, 1, 2, 3),
(79, 'Vanessa', 'Carvalho', 'Analista de Logística', 3, 'L67890', '2019-10-22', '1983-11-05', 3, true, 2, 3, 1),
(80, 'Eduardo', 'Santana', 'Gerente de Vendas', 4, 'V45678', '2018-04-10', '1986-08-18', 4, true, 3, 1, 2),
(81, 'Caroline', 'Nascimento', 'Especialista em Marketing', 5, 'M56789', '2021-07-30', '1994-01-22', 5, true, 1, 2, 3),
(82, 'Carlos', 'Rocha', 'Analista de TI', 6, 'TI12345', '2020-03-18', '1988-09-14', 6, true, 2, 3, 1),
(83, 'Camila', 'Oliveira', 'Supervisora de Produção', 7, 'P45678', '2019-09-01', '1985-04-20', 7, true, 3, 1, 2),
(84, 'Ricardo', 'Goncalves', 'Analista de Qualidade', 8, 'Q01234', '2018-12-10', '1982-10-30', 8, true, 1, 2, 3),
(85, 'Laura', 'Ferreira', 'Atendente de Suporte', 9, 'AS67890', '2021-04-07', '1996-01-02', 9, true, 2, 3, 1),
(86, 'Leandro', 'Cunha', 'Advogado', 10, 'J12345', '2020-08-22', '1990-06-18', 10, true, 3, 1, 2),
(87, 'Renata', 'Moraes', 'Analista de Compras', 11, 'C67890', '2019-02-14', '1984-10-30', 11, true, 1, 2, 3),
(88, 'Mateus', 'Pereira', 'Técnico de Manutenção', 12, 'M34567', '2018-05-28', '1987-03-12', 12, true, 2, 3, 1),
(89, 'Beatriz', 'Silva', 'Engenheira de Processos', 13, 'EP78901', '2021-10-03', '1992-04-25', 13, true, 3, 1, 2),
(90, 'Felipe', 'Fonseca', 'Técnico em Saúde e Segurança', 14, 'SS12345', '2020-01-17', '1995-08-08', 14, true, 1, 2, 3),
(91, 'Carla', 'Rodrigues', 'Analista de Finanças', 1, 'M78901', '2021-03-10', '1988-05-10', 1, true, 2, 3, 1),
(92, 'Marcos', 'Lima', 'Recrutador', 2, 'RH34567', '2020-07-20', '1993-08-22', 2, true, 3, 1, 2),
(93, 'Juliana', 'Mendes', 'Analista de Logística', 3, 'L89012', '2019-11-10', '1984-12-03', 3, true, 1, 2, 3),
(94, 'Rafael', 'Pereira', 'Gerente de Vendas', 4, 'V34567', '2018-05-25', '1982-07-10', 4, true, 2, 3, 1),
(95, 'Natália', 'Fernandes', 'Especialista em Marketing', 5, 'M45678', '2021-08-12', '1990-02-28', 5, true, 3, 1, 2),
(96, 'Bruno', 'Almeida', 'Analista de TI', 6, 'TI01234', '2020-03-18', '1987-11-08', 6, true, 1, 2, 3),
(97, 'Fernanda', 'Machado', 'Supervisora de Produção', 7, 'P34567', '2019-09-30', '1984-04-20', 7, true, 2, 3, 1),
(98, 'Lucas', 'Costa', 'Analista de Qualidade', 8, 'Q01234', '2018-12-05', '1981-09-14', 8, true, 3, 1, 2),
(99, 'Larissa', 'Lima', 'Atendente de Suporte', 9, 'AS67890', '2021-04-07', '1995-01-02', 9, true, 1, 2, 3),
(100, 'Gustavo', 'Mendes', 'Advogado', 10, 'J01234', '2020-08-22', '1989-06-18', 10, true, 2, 3, 1),
(101, 'Gabriela', 'Rocha', 'Analista de Finanças', 1, 'M78901', '2021-03-10', '1988-05-10', 1, true, 2, 3, 1),
(102, 'Victor', 'Lima', 'Recrutador', 2, 'RH34567', '2020-07-20', '1993-08-22', 2, true, 3, 1, 2),
(103, 'Camila', 'Mendes', 'Analista de Logística', 3, 'L89012', '2019-11-10', '1984-12-03', 3, true, 1, 2, 3),
(104, 'Ricardo', 'Pereira', 'Gerente de Vendas', 4, 'V34567', '2018-05-25', '1982-07-10', 4, true, 2, 3, 1),
(105, 'Larissa', 'Fernandes', 'Especialista em Marketing', 5, 'M45678', '2021-08-12', '1990-02-28', 5, true, 3, 1, 2),
(106, 'Lucas', 'Almeida', 'Analista de TI', 6, 'TI01234', '2020-03-18', '1987-11-08', 6, true, 1, 2, 3),
(107, 'Tatiane', 'Machado', 'Supervisora de Produção', 7, 'P34567', '2019-09-30', '1984-04-20', 7, true, 2, 3, 1),
(108, 'Hugo', 'Costa', 'Analista de Qualidade', 8, 'Q01234', '2018-12-05', '1981-09-14', 8, true, 3, 1, 2),
(109, 'Isabella', 'Lima', 'Atendente de Suporte', 9, 'AS67890', '2021-04-07', '1995-01-02', 9, true, 1, 2, 3),
(110, 'Gustavo', 'Mendes', 'Advogado', 10, 'J01234', '2020-08-22', '1989-06-18', 10, true, 2, 3, 1),
(111, 'Daniela', 'Cruz', 'Analista de Compras', 11, 'C67890', '2019-01-14', '1983-10-30', 11, true, 3, 1, 2),
(112, 'Fernando', 'Martins', 'Técnico de Manutenção', 12, 'M45678', '2018-04-28', '1986-03-12', 12, true, 1, 2, 3),
(113, 'Mariana', 'Sousa', 'Engenheira de Processos', 13, 'EP01234', '2021-09-03', '1993-04-25', 13, true, 2, 3, 1),
(114, 'Roberto', 'Barbosa', 'Técnico em Saúde e Segurança', 14, 'SS67890', '2020-12-17', '1994-08-08', 14, true, 3, 1, 2),
(115, 'Amanda', 'Lopes', 'Analista de Marketing Digital', 10, 'MD01234', '2019-04-10', '1980-12-01', 10, true, 1, 2, 3),
(116, 'Alex', 'Ferreira', 'Pesquisador Científico', 13, 'PC67890', '2018-10-10', '1984-06-28', 13, true, 2, 3, 1),
(117, 'Julia', 'Ribeiro', 'Analista de Finanças', 1, 'M78901', '2021-02-28', '1987-02-10', 1, true, 3, 1, 2),
(118, 'Leonardo', 'Gomes', 'Recrutador', 2, 'RH01234', '2020-06-05', '1991-07-20', 2, true, 1, 2, 3),
(119, 'Vanessa', 'Carvalho', 'Analista de Logística', 3, 'L67890', '2019-10-22', '1983-11-05', 3, true, 2, 3, 1),
(120, 'Eduardo', 'Santana', 'Gerente de Vendas', 4, 'V45678', '2018-04-10', '1986-08-18', 4, true, 3, 1, 2),
(121, 'Caroline', 'Nascimento', 'Especialista em Marketing', 5, 'M56789', '2021-07-30', '1994-01-22', 5, true, 1, 2, 3),
(122, 'Carlos', 'Rocha', 'Analista de TI', 6, 'TI12345', '2020-03-18', '1988-09-14', 6, true, 2, 3, 1),
(123, 'Camila', 'Oliveira', 'Supervisora de Produção', 7, 'P45678', '2019-09-01', '1985-04-20', 7, true, 3, 1, 2),
(124, 'Ricardo', 'Goncalves', 'Analista de Qualidade', 8, 'Q01234', '2018-12-10', '1982-10-30', 8, true, 1, 2, 3),
(125, 'Laura', 'Ferreira', 'Atendente de Suporte', 9, 'AS67890', '2021-04-07', '1996-01-02', 9, true, 2, 3, 1),
(126, 'Leandro', 'Cunha', 'Advogado', 10, 'J12345', '2020-08-22', '1990-06-18', 10, true, 3, 1, 2),
(127, 'Renata', 'Moraes', 'Analista de Compras', 11, 'C67890', '2019-02-14', '1984-10-30', 11, true, 1, 2, 3),
(128, 'Mateus', 'Pereira', 'Técnico de Manutenção', 12, 'M34567', '2018-05-28', '1987-03-12', 12, true, 2, 3, 1),
(129, 'Beatriz', 'Silva', 'Engenheira de Processos', 13, 'EP78901', '2021-10-03', '1992-04-25', 13, true, 3, 1, 2),
(130, 'Felipe', 'Fonseca', 'Técnico em Saúde e Segurança', 14, 'SS12345', '2020-01-17', '1995-08-08', 14, true, 1, 2, 3),
(131, 'Carla', 'Rodrigues', 'Analista de Finanças', 1, 'M78901', '2021-03-10', '1988-05-10', 1, true, 2, 3, 1),
(132, 'Marcos', 'Lima', 'Recrutador', 2, 'RH34567', '2020-07-20', '1993-08-22', 2, true, 3, 1, 2),
(133, 'Juliana', 'Mendes', 'Analista de Logística', 3, 'L89012', '2019-11-10', '1984-12-03', 3, true, 1, 2, 3),
(134, 'Rafael', 'Pereira', 'Gerente de Vendas', 4, 'V34567', '2018-05-25', '1982-07-10', 4, true, 2, 3, 1),
(135, 'Natália', 'Fernandes', 'Especialista em Marketing', 5, 'M45678', '2021-08-12', '1990-02-28', 5, true, 3, 1, 2),
(136, 'Bruno', 'Almeida', 'Analista de TI', 6, 'TI01234', '2020-03-18', '1987-11-08', 6, true, 1, 2, 3),
(137, 'Fernanda', 'Machado', 'Supervisora de Produção', 7, 'P34567', '2019-09-30', '1984-04-20', 7, true, 2, 3, 1),
(138, 'Lucas', 'Costa', 'Analista de Qualidade', 8, 'Q01234', '2018-12-05', '1981-09-14', 8, true, 3, 1, 2),
(139, 'Larissa', 'Lima', 'Atendente de Suporte', 9, 'AS67890', '2021-04-07', '1995-01-02', 9, true, 1, 2, 3),
(140, 'Gustavo', 'Mendes', 'Advogado', 10, 'J01234', '2020-08-22', '1989-06-18', 10, true, 2, 3, 1);

-- Inserir 100 dados na tabela FolhaPagamento
INSERT INTO FolhaPagamento (FolhaPagamentoID, Salario, Data_Pgto, FuncionarioID) VALUES
(1, 5000.00, '2018-03-31', 1),
(2, 6000.00, '2018-04-15', 2),
(3, 4500.00, '2018-04-30', 3),
(4, 5500.00, '2018-05-15', 4),
(5, 7000.00, '2018-05-31', 5),
(6, 4800.00, '2018-06-15', 6),
(7, 5200.00, '2018-06-30', 7),
(8, 6500.00, '2018-07-15', 8),
(9, 4800.00, '2018-07-31', 9),
(10, 5500.00, '2018-08-15', 10),
(11, 6000.00, '2018-08-31', 11),
(12, 4700.00, '2018-09-15', 12),
(13, 5200.00, '2018-09-30', 13),
(14, 6000.00, '2018-10-15', 14),
(15, 4800.00, '2018-10-31', 15),
(16, 5300.00, '2018-11-15', 16),
(17, 7000.00, '2018-11-30', 17),
(18, 4800.00, '2018-12-15', 18),
(19, 5500.00, '2018-12-31', 19),
(20, 6200.00, '2019-01-15', 20),
(21, 4900.00, '2019-01-31', 21),
(22, 5400.00, '2019-02-15', 22),
(23, 6800.00, '2019-02-28', 23),
(24, 4800.00, '2019-03-15', 24),
(25, 5300.00, '2019-03-31', 25),
(26, 5900.00, '2019-04-15', 26),
(27, 4800.00, '2019-04-30', 27),
(28, 5200.00, '2019-05-15', 28),
(29, 6500.00, '2019-05-31', 29),
(30, 4800.00, '2019-06-15', 30),
(31, 5500.00, '2019-06-30', 31),
(32, 6200.00, '2019-07-15', 32),
(33, 4900.00, '2019-07-31', 33),
(34, 5400.00, '2019-08-15', 34),
(35, 6800.00, '2019-08-31', 35),
(36, 4800.00, '2019-09-15', 36),
(37, 5300.00, '2019-09-30', 37),
(38, 5900.00, '2019-10-15', 38),
(39, 4800.00, '2019-10-31', 39),
(40, 5200.00, '2019-11-15', 40),
(41, 6500.00, '2019-11-30', 41),
(42, 4800.00, '2019-12-15', 42),
(43, 5500.00, '2019-12-31', 43),
(44, 6200.00, '2020-01-15', 44),
(45, 4900.00, '2020-01-31', 45),
(46, 5400.00, '2020-02-15', 46),
(47, 6800.00, '2020-02-29', 47),
(48, 4800.00, '2020-03-15', 48),
(49, 5300.00, '2020-03-31', 49),
(50, 5900.00, '2020-04-15', 50),
(51, 4800.00, '2020-04-30', 51),
(52, 5200.00, '2020-05-15', 52),
(53, 6500.00, '2020-05-31', 53),
(54, 4800.00, '2020-06-15', 54),
(55, 5500.00, '2020-06-30', 55),
(56, 6200.00, '2020-07-15', 56),
(57, 4900.00, '2020-07-31', 57),
(58, 5400.00, '2020-08-15', 58),
(59, 6800.00, '2020-08-31', 59),
(60, 4800.00, '2020-09-15', 60),
(61, 5300.00, '2020-09-30', 61),
(62, 5900.00, '2020-10-15', 62),
(63, 4800.00, '2020-10-31', 63),
(64, 5200.00, '2020-11-15', 64),
(65, 6500.00, '2020-11-30', 65),
(66, 4800.00, '2020-12-15', 66),
(67, 5500.00, '2020-12-31', 67),
(68, 6200.00, '2021-01-15', 68),
(69, 4900.00, '2021-01-31', 69),
(70, 5400.00, '2021-02-15', 70),
(71, 6800.00, '2021-02-28', 71),
(72, 4800.00, '2021-03-15', 72),
(73, 5300.00, '2021-03-31', 73),
(74, 5900.00, '2021-04-15', 74),
(75, 4800.00, '2021-04-30', 75),
(76, 5200.00, '2021-05-15', 76),
(77, 6500.00, '2021-05-31', 77),
(78, 4800.00, '2021-06-15', 78),
(79, 5500.00, '2021-06-30', 79),
(80, 6200.00, '2021-07-15', 80),
(81, 4900.00, '2021-07-31', 81),
(82, 5400.00, '2021-08-15', 82),
(83, 6800.00, '2021-08-31', 83),
(84, 4800.00, '2021-09-15', 84),
(85, 5300.00, '2021-09-30', 85),
(86, 5900.00, '2021-10-15', 86),
(87, 4800.00, '2021-10-31', 87),
(88, 5200.00, '2021-11-15', 88),
(89, 6500.00, '2021-11-30', 89),
(90, 4800.00, '2021-12-15', 90),
(91, 5500.00, '2021-12-31', 91),
(92, 6200.00, '2022-01-15', 92),
(93, 4900.00, '2022-01-31', 93),
(94, 5400.00, '2022-02-15', 94),
(95, 6800.00, '2022-02-28', 95),
(96, 4800.00, '2022-03-15', 96),
(97, 5300.00, '2022-03-31', 97),
(98, 5900.00, '2022-04-15', 98),
(99, 4800.00, '2022-04-30', 99),
(100, 5200.00, '2022-05-15', 100),
(101, 5300.00, '2022-05-31', 101),
(102, 5900.00, '2022-06-15', 102),
(103, 4800.00, '2022-06-30', 103),
(104, 5200.00, '2022-07-15', 104),
(105, 6500.00, '2022-07-31', 105),
(106, 4800.00, '2022-08-15', 106),
(107, 5500.00, '2022-08-31', 107),
(108, 6200.00, '2022-09-15', 108),
(109, 4900.00, '2022-09-30', 109),
(110, 5400.00, '2022-10-15', 110),
(111, 6800.00, '2022-10-31', 111),
(112, 4800.00, '2022-11-15', 112),
(113, 5300.00, '2022-11-30', 113),
(114, 5900.00, '2022-12-15', 114),
(115, 4800.00, '2022-12-31', 115),
(116, 5200.00, '2023-01-15', 116),
(117, 6500.00, '2023-01-31', 117),
(118, 4800.00, '2023-02-15', 118),
(119, 5500.00, '2023-02-28', 119),
(120, 6200.00, '2023-03-15', 120),
(121, 4900.00, '2023-03-31', 121),
(122, 5400.00, '2023-04-15', 122),
(123, 6800.00, '2023-04-30', 123),
(124, 4800.00, '2023-05-15', 124),
(125, 5300.00, '2023-05-31', 125),
(126, 5900.00, '2023-06-15', 126),
(127, 4800.00, '2023-06-30', 127),
(128, 5200.00, '2023-07-15', 128),
(129, 6500.00, '2023-07-31', 129),
(130, 4800.00, '2023-08-15', 130),
(131, 5500.00, '2023-08-31', 131),
(132, 6200.00, '2023-09-15', 132),
(133, 4900.00, '2023-09-30', 133),
(134, 5400.00, '2023-10-15', 134),
(135, 6800.00, '2023-10-31', 135),
(136, 4800.00, '2023-11-15', 136),
(137, 5300.00, '2023-11-30', 137),
(138, 5900.00, '2023-12-15', 138),
(139, 4800.00, '2023-12-31', 139),
(140, 5200.00, '2024-01-15', 140);

-- Inserir 20 dados na tabela Admissoes com status de seleção False
INSERT INTO Admissoes (AdmissoesId, DataRecrutamento, StatusSelecao, Nome, Sobrenome, Cargo, Matricula, DataAdmissao, DataNascimento, IdFilial, FuncionarioAtivo)
VALUES
(1, '2023-01-01', FALSE, 'João', 'Silva', 'Analista de Marketing', 'M123', '2023-02-01', '1990-01-15', 1, FALSE),
(2, '2023-01-05', FALSE, 'Maria', 'Santos', 'Desenvolvedor Web', 'M124', '2023-02-05', '1992-05-20', 2, FALSE),
(3, '2023-01-10', FALSE, 'Carlos', 'Oliveira', 'Analista Financeiro', 'M125', '2023-02-10', '1988-08-10', 3, FALSE),
(4, '2023-01-15', FALSE, 'Ana', 'Pereira', 'Analista de Recursos Humanos', 'M126', '2023-02-15', '1995-03-25', 4, FALSE),
(5, '2023-01-20', FALSE, 'Fernando', 'Rocha', 'Analista de Sistemas', 'M127', '2023-02-20', '1987-12-01', 5, FALSE),
(6, '2023-01-25', FALSE, 'Mariana', 'Lima', 'Designer Gráfico', 'M128', '2023-02-25', '1993-09-12', 1, FALSE),
(7, '2023-02-01', FALSE, 'Roberto', 'Ferreira', 'Engenheiro de Produção', 'M129', '2023-03-01', '1985-06-05', 2, FALSE),
(8, '2023-02-05', FALSE, 'Patrícia', 'Alves', 'Analista de Marketing', 'M130', '2023-03-05', '1991-10-18', 3, FALSE),
(9, '2023-02-10', FALSE, 'Ricardo', 'Machado', 'Desenvolvedor Web', 'M131', '2023-03-10', '1989-04-30', 4, FALSE),
(10, '2023-02-15', FALSE, 'Camila', 'Sousa', 'Analista Financeiro', 'M132', '2023-03-15', '1996-07-08', 5, FALSE),
(11, '2023-02-20', FALSE, 'Gustavo', 'Oliveira', 'Analista de Recursos Humanos', 'M133', '2023-03-20', '1986-02-14', 1, FALSE),
(12, '2023-02-25', FALSE, 'Isabela', 'Lima', 'Analista de Sistemas', 'M134', '2023-03-25', '1994-11-23', 2, FALSE),
(13, '2023-03-01', FALSE, 'Antônio', 'Ferreira', 'Designer Gráfico', 'M135', '2023-04-01', '1990-09-30', 3, FALSE),
(14, '2023-03-05', FALSE, 'Aline', 'Alves', 'Engenheiro de Produção', 'M136', '2023-04-05', '1992-04-12', 4, FALSE),
(15, '2023-03-10', FALSE, 'Paulo', 'Machado', 'Analista de Marketing', 'M137', '2023-04-10', '1988-01-07', 5, FALSE),
(16, '2023-03-15', FALSE, 'Tatiane', 'Sousa', 'Desenvolvedor Web', 'M138', '2023-04-15', '1993-06-15', 1, FALSE),
(17, '2023-03-20', FALSE, 'Felipe', 'Oliveira', 'Analista Financeiro', 'M139', '2023-04-20', '1987-03-20', 2, FALSE),
(18, '2023-03-25', FALSE, 'Luciana', 'Lima', 'Analista de Recursos Humanos', 'M140', '2023-04-25', '1995-12-05', 3, FALSE),
(19, '2023-04-01', FALSE, 'Marcos', 'Ferreira', 'Analista de Sistemas', 'M141', '2023-05-01', '1989-10-10', 4, FALSE),
(20, '2023-04-05', FALSE, 'Beatriz', 'Alves', 'Designer Gráfico', 'M142', '2023-05-05', '1996-02-28', 5, FALSE);

-- Inserir 20 dados na tabela Demissoes com IDs de funcionários aleatórios
INSERT INTO Demissoes (DemissoesID, FuncionarioID, MotivoDemissao, DataDemissao) VALUES
(1, 45, 'Desligamento voluntário', '2023-01-15'),
(2, 102, 'Fim de contrato temporário', '2023-01-20'),
(3, 76, 'Desempenho insatisfatório', '2023-02-05'),
(4, 18, 'Mudança de carreira', '2023-02-10'),
(5, 91, 'Mudança de carreira', '2023-02-15'),
(6, 33, 'Desligamento voluntário', '2023-03-01'),
(7, 64, 'Fim de contrato temporário', '2023-03-05'),
(8, 125, 'Desempenho insatisfatório', '2023-03-10'),
(9, 79, 'Mudança de carreira', '2023-03-15'),
(10, 56, 'Desligamento voluntário', '2023-04-01'),
(11, 112, 'Fim de contrato temporário', '2023-04-05'),
(12, 94, 'Desempenho insatisfatório', '2023-04-10'),
(13, 38, 'Mudança de carreira', '2023-04-15'),
(14, 82, 'Desligamento voluntário', '2023-05-01'),
(15, 19, 'Fim de contrato temporário', '2023-05-05'),
(16, 68, 'Desempenho insatisfatório', '2023-05-10'),
(17, 134, 'Mudança de carreira', '2023-05-15'),
(18, 105, 'Desligamento voluntário', '2023-06-01'),
(19, 73, 'Fim de contrato temporário', '2023-06-05'),
(20, 123, 'Desempenho insatisfatório', '2023-06-10');

-- Inserir 50 dados na tabela AvaliacaoDesempenho com comentários baseados nas notas
INSERT INTO AvaliacaoDesempenho (DesempenhoID, IdFuncionario, NotaAv, Observacao) VALUES
(1, 1, 4.8, 'Desempenho abaixo das expectativas, necessita de melhorias significativas.'),
(2, 2, 7.2, 'Bom desempenho, mas há áreas que precisam de melhorias para atingir o máximo potencial.'),
(3, 3, 9.5, 'Desempenho excelente! Contribuições notáveis para a equipe e a empresa como um todo.'),
(4, 4, 5.2, 'Desempenho insatisfatório, requer atenção imediata e plano de desenvolvimento.'),
(5, 5, 8.7, 'Ótimo desempenho, com destaque para contribuições positivas e eficazes.'),
(6, 6, 6.4, 'Desempenho aceitável, mas oportunidades para melhorias em certas áreas.'),
(7, 7, 8.9, 'Desempenho excepcional! Contribuições significativas para o sucesso da equipe.'),
(8, 8, 5.8, 'Avaliação negativa devido ao desempenho abaixo das expectativas.'),
(9, 9, 7.6, 'Desempenho sólido, mas recomenda-se aprimoramento contínuo.'),
(10, 10, 9.2, 'Desempenho notável, contribuindo positivamente para os objetivos da empresa.'),
(11, 11, 4.3, 'Desempenho muito aquém do esperado, necessita de intervenção urgente.'),
(12, 12, 7.8, 'Bom desempenho geral, com espaço para melhorias em algumas áreas específicas.'),
(13, 13, 9.8, 'Excepcional! Desempenho exemplar, superando as expectativas em todas as áreas.'),
(14, 14, 6.1, 'Desempenho razoável, com potencial para melhorias significativas.'),
(15, 15, 8.3, 'Excelente desempenho, demonstrando habilidades e contribuições valiosas.'),
(16, 16, 5.5, 'Desempenho insatisfatório, com necessidade urgente de desenvolvimento profissional.'),
(17, 17, 8.6, 'Desempenho notável, com impacto positivo nas metas da equipe.'),
(18, 18, 6.9, 'Bom desempenho global, mas áreas específicas precisam de atenção.'),
(19, 19, 9.6, 'Desempenho excepcional! Contribuições altamente valiosas e consistentes.'),
(20, 20, 4.9, 'Desempenho abaixo das expectativas, com necessidade urgente de melhorias.'),
(21, 21, 7.1, 'Desempenho bom, com potencial para melhorias em algumas competências.'),
(22, 22, 9.3, 'Desempenho excepcional, superando as expectativas em todas as áreas.'),
(23, 23, 5.7, 'Desempenho abaixo do esperado, exigindo ação corretiva imediata.'),
(24, 24, 8.0, 'Bom desempenho geral, com espaço para melhorias específicas.'),
(25, 25, 6.5, 'Desempenho aceitável, com oportunidades para crescimento profissional.'),
(26, 26, 8.5, 'Desempenho notável, com impacto positivo consistente nas metas da equipe.'),
(27, 27, 6.7, 'Desempenho razoável, com áreas identificadas para aprimoramento.'),
(28, 28, 9.0, 'Excelente desempenho, contribuindo significativamente para o sucesso da equipe.'),
(29, 29, 4.5, 'Desempenho insatisfatório, requer plano de desenvolvimento imediato.'),
(30, 30, 7.4, 'Bom desempenho global, mas recomenda-se aprimoramento em algumas competências.'),
(31, 31, 9.7, 'Desempenho excepcional, demonstrando habilidades notáveis e resultados consistentes.'),
(32, 32, 5.0, 'Avaliação negativa devido ao desempenho abaixo das expectativas.'),
(33, 33, 7.9, 'Desempenho sólido, com potencial para melhorias contínuas.'),
(34, 34, 9.4, 'Desempenho notável, com contribuições excepcionais para os objetivos da empresa.'),
(35, 35, 6.2, 'Desempenho aceitável, mas com áreas identificadas para desenvolvimento profissional.'),
(36, 36, 8.2, 'Ótimo desempenho, contribuindo positivamente para a eficácia da equipe.'),
(37, 37, 5.4, 'Desempenho insatisfatório, requer intervenção imediata e plano de desenvolvimento.'),
(38, 38, 7.7, 'Bom desempenho global, com recomendações específicas para aprimoramento.'),
(39, 39, 9.1, 'Desempenho excepcional, destacando-se em todas as áreas avaliadas.'),
(40, 40, 5.9, 'Desempenho abaixo das expectativas, necessitando de plano de melhoria urgente.'),
(41, 41, 7.3, 'Desempenho sólido, com oportunidades para crescimento profissional.'),
(42, 42, 9.9, 'Excepcional! Desempenho exemplar, superando as expectativas em todas as áreas.'),
(43, 43, 4.7, 'Desempenho insatisfatório, com necessidade urgente de intervenção.'),
(44, 44, 7.0, 'Bom desempenho, com potencial para melhorias identificadas.'),
(45, 45, 8.8, 'Desempenho notável, com contribuições valiosas para o sucesso da equipe.'),
(46, 46, 6.6, 'Desempenho aceitável, com áreas específicas para desenvolvimento.'),
(47, 47, 9.2, 'Desempenho excepcional, contribuindo de forma significativa para os objetivos da empresa.'),
(48, 48, 5.6, 'Desempenho abaixo do esperado, requer ação corretiva imediata.'),
(49, 49, 8.1, 'Bom desempenho geral, com recomendações específicas para aprimoramento.'),
(50, 50, 6.8, 'Desempenho aceitável, com oportunidades identificadas para crescimento profissional.'),
(51, 51, 4.2, 'Desempenho muito abaixo do esperado, necessita de intervenção imediata.'),
(52, 52, 7.5, 'Bom desempenho, com áreas específicas para aprimoramento identificadas.'),
(53, 53, 9.0, 'Excelente desempenho, contribuindo positivamente para os objetivos da equipe.'),
(54, 54, 5.3, 'Desempenho insatisfatório, com necessidade urgente de desenvolvimento profissional.'),
(55, 55, 8.4, 'Ótimo desempenho, com destaque para contribuições valiosas.'),
(56, 56, 6.1, 'Desempenho aceitável, mas áreas específicas necessitam de atenção.'),
(57, 57, 8.7, 'Desempenho notável, com contribuições consistentes para o sucesso da equipe.'),
(58, 58, 5.8, 'Avaliação negativa devido ao desempenho abaixo das expectativas.'),
(59, 59, 7.2, 'Desempenho sólido, com potencial para melhorias contínuas.'),
(60, 60, 9.5, 'Desempenho excepcional! Contribuições significativas e consistentes.'),
(61, 61, 4.5, 'Desempenho abaixo das expectativas, necessita de plano de desenvolvimento urgente.'),
(62, 62, 7.8, 'Bom desempenho geral, com espaço para melhorias em certas áreas.'),
(63, 63, 9.8, 'Excepcional! Desempenho exemplar, superando as expectativas em todas as áreas.'),
(64, 64, 6.2, 'Desempenho razoável, com oportunidades identificadas para aprimoramento.'),
(65, 65, 8.2, 'Excelente desempenho, contribuindo positivamente para a eficácia da equipe.'),
(66, 66, 5.6, 'Desempenho insatisfatório, requer plano de desenvolvimento imediato.'),
(67, 67, 8.5, 'Desempenho notável, com impacto positivo consistente nas metas da equipe.'),
(68, 68, 7.1, 'Desempenho bom, com potencial para melhorias em algumas competências.'),
(69, 69, 9.3, 'Desempenho excepcional, superando as expectativas em todas as áreas.'),
(70, 70, 4.9, 'Desempenho abaixo das expectativas, com necessidade urgente de melhorias.'),
(71, 71, 7.4, 'Desempenho sólido, mas recomenda-se aprimoramento contínuo.'),
(72, 72, 9.2, 'Desempenho excepcional, contribuindo positivamente para os objetivos da empresa.'),
(73, 73, 5.1, 'Avaliação negativa devido ao desempenho abaixo das expectativas.'),
(74, 74, 7.6, 'Bom desempenho global, com recomendações específicas para aprimoramento.'),
(75, 75, 9.7, 'Desempenho excepcional, demonstrando habilidades notáveis e resultados consistentes.'),
(76, 76, 6.5, 'Desempenho aceitável, com oportunidades para crescimento profissional.'),
(77, 77, 8.9, 'Ótimo desempenho, com contribuições valiosas para o sucesso da equipe.'),
(78, 78, 5.4, 'Desempenho insatisfatório, requer intervenção imediata e plano de desenvolvimento.'),
(79, 79, 8.0, 'Bom desempenho geral, com recomendações específicas para aprimoramento.'),
(80, 80, 6.9, 'Desempenho razoável, com áreas identificadas para desenvolvimento profissional.'),
(81, 81, 9.4, 'Desempenho notável, com contribuições excepcionais para os objetivos da empresa.'),
(82, 82, 4.8, 'Desempenho abaixo das expectativas, necessitando de plano de melhoria urgente.'),
(83, 83, 7.3, 'Desempenho sólido, com oportunidades para crescimento profissional.'),
(84, 84, 9.1, 'Desempenho excepcional, destacando-se em todas as áreas avaliadas.'),
(85, 85, 5.7, 'Desempenho abaixo do esperado, exigindo ação corretiva imediata.'),
(86, 86, 8.3, 'Bom desempenho geral, com espaço para melhorias específicas.'),
(87, 87, 6.8, 'Desempenho aceitável, com oportunidades identificadas para crescimento profissional.'),
(88, 88, 9.6, 'Desempenho excepcional! Contribuições altamente valiosas e consistentes.'),
(89, 89, 4.7, 'Desempenho insatisfatório, com necessidade urgente de intervenção.'),
(90, 90, 7.0, 'Bom desempenho, com potencial para melhorias identificadas.'),
(91, 91, 4.2, 'Desempenho muito abaixo do esperado, necessita de intervenção imediata.'),
(92, 92, 7.5, 'Bom desempenho, com áreas específicas para aprimoramento identificadas.'),
(93, 93, 9.0, 'Excelente desempenho, contribuindo positivamente para os objetivos da equipe.'),
(94, 94, 5.3, 'Desempenho insatisfatório, com necessidade urgente de desenvolvimento profissional.'),
(95, 95, 8.4, 'Ótimo desempenho, com destaque para contribuições valiosas.'),
(96, 96, 6.1, 'Desempenho aceitável, mas áreas específicas necessitam de atenção.'),
(97, 97, 8.7, 'Desempenho notável, com contribuições consistentes para o sucesso da equipe.'),
(98, 98, 5.8, 'Avaliação negativa devido ao desempenho abaixo das expectativas.'),
(99, 99, 7.2, 'Desempenho sólido, com potencial para melhorias contínuas.'),
(100, 100, 9.5, 'Desempenho excepcional! Contribuições significativas e consistentes.'),
(101, 101, 4.5, 'Desempenho abaixo das expectativas, necessita de plano de desenvolvimento urgente.'),
(102, 102, 7.8, 'Bom desempenho geral, com espaço para melhorias em certas áreas.'),
(103, 103, 9.8, 'Excepcional! Desempenho exemplar, superando as expectativas em todas as áreas.'),
(104, 104, 6.2, 'Desempenho razoável, com oportunidades identificadas para aprimoramento.'),
(105, 105, 8.2, 'Excelente desempenho, contribuindo positivamente para a eficácia da equipe.'),
(106, 106, 5.6, 'Desempenho insatisfatório, requer plano de desenvolvimento imediato.'),
(107, 107, 8.5, 'Desempenho notável, com impacto positivo consistente nas metas da equipe.'),
(108, 108, 7.1, 'Desempenho bom, com potencial para melhorias em algumas competências.'),
(109, 109, 9.3, 'Desempenho excepcional, superando as expectativas em todas as áreas.'),
(110, 110, 4.9, 'Desempenho abaixo das expectativas, com necessidade urgente de melhorias.'),
(111, 111, 7.4, 'Desempenho sólido, mas recomenda-se aprimoramento contínuo.'),
(112, 112, 9.2, 'Desempenho excepcional, contribuindo positivamente para os objetivos da empresa.'),
(113, 113, 5.1, 'Avaliação negativa devido ao desempenho abaixo das expectativas.'),
(114, 114, 7.6, 'Bom desempenho global, com recomendações específicas para aprimoramento.'),
(115, 115, 9.7, 'Desempenho excepcional, demonstrando habilidades notáveis e resultados consistentes.'),
(116, 116, 6.5, 'Desempenho aceitável, com oportunidades para crescimento profissional.'),
(117, 117, 8.9, 'Ótimo desempenho, com contribuições valiosas para o sucesso da equipe.'),
(118, 118, 5.4, 'Desempenho insatisfatório, requer intervenção imediata e plano de desenvolvimento.'),
(119, 119, 8.0, 'Bom desempenho geral, com recomendações específicas para aprimoramento.'),
(120, 120, 6.9, 'Desempenho razoável, com áreas identificadas para desenvolvimento profissional.'),
(121, 121, 9.4, 'Desempenho notável, com contribuições excepcionais para os objetivos da empresa.'),
(122, 122, 4.8, 'Desempenho abaixo das expectativas, necessitando de plano de melhoria urgente.'),
(123, 123, 7.3, 'Desempenho sólido, com oportunidades para crescimento profissional.'),
(124, 124, 9.1, 'Desempenho excepcional, destacando-se em todas as áreas avaliadas.'),
(125, 125, 5.7, 'Desempenho abaixo do esperado, exigindo ação corretiva imediata.'),
(126, 126, 8.3, 'Bom desempenho geral, com espaço para melhorias específicas.'),
(127, 127, 6.8, 'Desempenho aceitável, com oportunidades identificadas para crescimento profissional.'),
(128, 128, 9.6, 'Desempenho excepcional! Contribuições altamente valiosas e consistentes.'),
(129, 129, 4.7, 'Desempenho insatisfatório, com necessidade urgente de intervenção.'),
(130, 130, 7.0, 'Bom desempenho, com potencial para melhorias identificadas.'),
(131, 131, 8.8, 'Desempenho notável, com contribuições valiosas para o sucesso da equipe.'),
(132, 132, 6.6, 'Desempenho aceitável, com áreas específicas para desenvolvimento.'),
(133, 133, 9.2, 'Desempenho excepcional, contribuindo de forma significativa para os objetivos da empresa.'),
(134, 134, 5.6, 'Desempenho abaixo do esperado, requer ação corretiva imediata.'),
(135, 135, 8.1, 'Bom desempenho geral, com recomendações específicas para aprimoramento.'),
(136, 136, 6.8, 'Desempenho aceitável, com oportunidades identificadas para crescimento profissional.'),
(137, 137, 9.5, 'Desempenho excepcional, demonstrando habilidades notáveis e resultados consistentes.'),
(138, 138, 4.9, 'Desempenho abaixo das expectativas, com necessidade urgente de melhorias.'),
(139, 139, 7.4, 'Desempenho sólido, mas recomenda-se aprimoramento contínuo.'),
(140, 140, 9.3, 'Desempenho excepcional, contribuindo positivamente para os objetivos da empresa.');