-- Primeiro Insert: Clientes
INSERT INTO clientes (id, nome, sobrenome, cpf, whatsapp, data_matricula, cod_matricula, profissional_responsavel, id_saude, turno_treino, plano_assinatura) VALUES
(1, 'Gabriel', 'Fernandes', '12345678901', '85985879565' ,'2019-01-06', 'COD001', 2, 1, 'Manhã', 1),
(2, 'Maria', 'Silva', '23456789012', '85985879566' ,'2019-02-10', 'COD002', 3, 2, 'Tarde', 2),
(3, 'João', 'Pereira', '34567890123', '85985879567' ,'2020-03-15', 'COD003', 4, 3, 'Noite', 3),
(4, 'Ana', 'Oliveira', '45678901234', '85985879568' ,'2021-04-20', 'COD004', 1, 4, 'Madrugada', 4),
(5, 'Pedro', 'Rocha', '56789012342', '85985879569' ,'2022-05-25', 'COD005', 1, 5, 'Manhã', 1),
(6, 'Carla', 'Ferreira', '67890123456', '85985879570' ,'2019-06-30', 'COD006', 2, 6, 'Tarde', 2),
(7, 'Lucas', 'Nunes', '78901234567', '85985879571' ,'2019-07-05', 'COD007', 3, 7, 'Noite', 3),
(8, 'Mariana', 'Lima', '89012345678', '85985879572' ,'2020-08-10', 'COD008', 4, 8, 'Madrugada', 4),
(9, 'Rodrigo', 'Santos', '90123456789', '85985879573' ,'2021-09-15', 'COD009', 2, 9, 'Manhã', 1),
(10, 'Laura', 'Sousa', '01234567890', '85985879574' ,'2022-10-20', 'COD010', 1, 10, 'Tarde', 2),
(11, 'Rafael', 'Santana', '12345678901', '85985879575' ,'2019-01-06', 'COD011', 2, 11, 'Manhã', 1),
(12, 'Fernanda', 'Oliveira', '23456789012', '85985879576' ,'2019-02-10', 'COD012', 3, 12, 'Tarde', 2),
(13, 'Luiz', 'Pereira', '34567890123', '85985879577' ,'2020-03-15', 'COD013', 4, 13, 'Noite', 3),
(14, 'Carolina', 'Silva', '45678901234', '85985879578' ,'2021-04-20', 'COD014', 2, 14, 'Madrugada', 4),
(15, 'Mateus', 'Rocha', '56789012342', '85985879579' ,'2022-05-25', 'COD015', 1, 15, 'Manhã', 1),
(16, 'Amanda', 'Ferreira', '67890123456', '85985879580' ,'2019-06-30', 'COD016', 2, 16, 'Tarde', 2),
(17, 'Gustavo', 'Nunes', '78901234567', '85985879581' ,'2019-07-05', 'COD017', 3, 17, 'Noite', 3),
(18, 'Camila', 'Lima', '89012345678', '85985879582' ,'2020-08-10', 'COD018', 4, 18, 'Madrugada', 4),
(19, 'Marcelo', 'Santos', '90123456789', '85985879583' ,'2021-09-15', 'COD019', 2, 19, 'Manhã', 1),
(20, 'Eduarda', 'Sousa', '01234567890', '85985879584' ,'2022-10-20', 'COD020', 1, 20, 'Tarde', 2),
(21, 'Ricardo', 'Pereira', '12345678901', '85985879585' ,'2019-01-06', 'COD021', 2, 21, 'Manhã', 1),
(22, 'Bianca', 'Oliveira', '23456789012', '85985879586' ,'2019-02-10', 'COD022', 3, 22, 'Tarde', 2),
(23, 'José', 'Pereira', '34567890123', '85985879587' ,'2020-03-15', 'COD023', 4, 23, 'Noite', 3),
(24, 'Isabela', 'Silva', '45678901234', '85985879588' ,'2021-04-20', 'COD024', 2, 24, 'Madrugada', 4),
(25, 'Rafaela', 'Rocha', '56789012342', '85985879589' ,'2022-05-25', 'COD025', 1, 25, 'Manhã', 1),
(26, 'Matheus', 'Ferreira', '67890123456', '85985879590' ,'2019-06-30', 'COD026', 2, 26, 'Tarde', 2),
(27, 'Larissa', 'Nunes', '78901234567', '85985879591' ,'2019-07-05', 'COD027', 3, 27, 'Noite', 3),
(28, 'Pedro', 'Lima', '89012345678', '85985879592' ,'2020-08-10', 'COD028', 4, 28, 'Madrugada', 4),
(29, 'Cristina', 'Santos', '90123456789', '85985879593' ,'2021-09-15', 'COD029', 2, 29, 'Manhã', 1),
(30, 'Sérgio', 'Sousa', '01234567890', '85985879594' ,'2022-10-20', 'COD030', 3, 34, 'Tarde', 2),
(31, 'João', 'Silva', '12345678901', '85985879595', '2019-01-06', 'COD031', 2, 1, 'Manhã', 1),
(32, 'Mariana', 'Ferreira', '23456789012', '85985879596', '2019-02-10', 'COD032', 3, 2, 'Tarde', 2),
(33, 'Rodrigo', 'Pereira', '34567890123', '85985879597', '2020-03-15', 'COD033', 4, 3, 'Noite', 3),
(34, 'Isabel', 'Oliveira', '45678901234', '85985879598', '2021-04-20', 'COD034', 2, 4, 'Madrugada', 4),
(35, 'Lucas', 'Rocha', '56789012342', '85985879599', '2022-05-25', 'COD035', 1, 1, 'Manhã', 1),
(36, 'Helena', 'Nunes', '67890123456', '85985879600', '2019-06-30', 'COD036', 2, 2, 'Tarde', 2),
(37, 'Carlos', 'Lima', '78901234567', '85985879601', '2019-07-05', 'COD037', 3, 3, 'Noite', 3),
(38, 'Laura', 'Santos', '89012345678', '85985879602', '2020-08-10', 'COD038', 4, 4, 'Madrugada', 4),
(39, 'Paulo', 'Sousa', '90123456789', '85985879603', '2021-09-15', 'COD039', 2, 1, 'Manhã', 1),
(40, 'Marta', 'Ferreira', '01234567890', '85985879604', '2022-10-20', 'COD040', 1, 2, 'Tarde', 2),
(41, 'Pedro', 'Pereira', '12345678901', '85985879605', '2019-01-06', 'COD041', 2, 1, 'Manhã', 1),
(42, 'Amanda', 'Oliveira', '23456789012', '85985879606', '2019-02-10', 'COD042', 3, 2, 'Tarde', 2),
(43, 'Rafael', 'Pereira', '34567890123', '85985879607', '2020-03-15', 'COD043', 4, 3, 'Noite', 3),
(44, 'Fernanda', 'Silva', '45678901234', '85985879608', '2021-04-20', 'COD044', 1, 4, 'Madrugada', 4),
(45, 'Luiz', 'Rocha', '56789012342', '85985879609', '2022-05-25', 'COD045', 1, 1, 'Manhã', 1),
(46, 'Carolina', 'Nunes', '67890123456', '85985879610', '2019-06-30', 'COD046', 2, 2, 'Tarde', 2),
(47, 'Mateus', 'Lima', '78901234567', '85985879611', '2019-07-05', 'COD047', 3, 3, 'Noite', 3),
(48, 'Eduarda', 'Santos', '89012345678', '85985879612', '2020-08-10', 'COD048', 4, 4, 'Madrugada', 4),
(49, 'Gustavo', 'Sousa', '90123456789', '85985879613', '2021-09-15', 'COD049', 2, 1, 'Manhã', 1),
(50, 'Camila', 'Ferreira', '01234567890', '85985879614', '2022-10-20', 'COD050', 1, 2, 'Tarde', 2),
(51, 'Marcelo', 'Pereira', '12345678901', '85985879615', '2019-01-06', 'COD051', 2, 1, 'Manhã', 1),
(52, 'Eduardo', 'Oliveira', '23456789012', '85985879616', '2019-02-10', 'COD052', 3, 2, 'Tarde', 2),
(53, 'Ana', 'Pereira', '34567890123', '85985879617', '2020-03-15', 'COD053', 4, 3, 'Noite', 3),
(54, 'José', 'Silva', '45678901234', '85985879618', '2021-04-20', 'COD054', 2, 4, 'Madrugada', 4),
(55, 'Bianca', 'Rocha', '56789012342', '85985879619', '2022-05-25', 'COD055', 1, 1, 'Manhã', 1),
(56, 'Ricardo', 'Nunes', '67890123456', '85985879620', '2019-06-30', 'COD056', 2, 2, 'Tarde', 2),
(57, 'Larissa', 'Lima', '78901234567', '85985879621', '2019-07-05', 'COD057', 3, 3, 'Noite', 3),
(58, 'Pedro', 'Santos', '89012345678', '85985879622', '2020-08-10', 'COD058', 4, 4, 'Madrugada', 4),
(59, 'Mariana', 'Ferreira', '90123456780', '85985879623', '2019-09-25', 'COD059', 3, 2, 'Tarde', 2),
(60, 'Lucas', 'Santos', '01234567891', '85985879624' ,'2019-10-30', 'COD060', 4, 3, 'Noite', 3),
(61, 'Camila', 'Lima', '12345678902', '85985879625', '2020-12-04', 'COD061', 3, 4, 'Madrugada', 4),
(62, 'Paulo', 'Nunes', '23456789013', '85985879626', '2022-01-08', 'COD062', 1, 1, 'Manhã', 1),
(63, 'Laura', 'Silva', '34567890124', '85985879627', '2019-02-13', 'COD063', 2, 2, 'Tarde', 2),
(64, 'Gustavo', 'Oliveira', '45678901232', '85985879628', '2019-03-19', 'COD064', 3, 3, 'Noite', 3),
(65, 'Bianca', 'Rocha', '56789012346', '85985879629', '2020-04-24', 'COD065', 4, 4, 'Madrugada', 4),
(66, 'Eduardo', 'Ferreira', '67890123457', '85985879630', '2021-05-29', 'COD066', 2, 1, 'Manhã', 1),
(67, 'Marta', 'Pereira', '78901234568', '85985879631', '2022-07-03', 'COD067', 1, 2, 'Tarde', 2),
(68, 'Pedro', 'Santana', '89012345679', '85985879632', '2019-08-08', 'COD068', 2, 1, 'Manhã', 1),
(69, 'Amanda', 'Oliveira', '90123456790', '85985879633', '2019-09-13', 'COD069', 3, 2, 'Tarde', 2),
(70, 'Rafael', 'Rocha', '01234567891', '85985879634', '2020-10-18', 'COD070', 4, 3, 'Noite', 3),
(71, 'Fernanda', 'Nunes', '12345678902', '85985879635', '2021-11-22', 'COD071', 1, 4, 'Madrugada', 4),
(72, 'Luiz', 'Lima', '23456789013', '85985879636', '2022-12-27', 'COD072', 1, 1, 'Manhã', 1),
(73, 'Carolina', 'Silva', '34567890124', '85985879637', '2019-02-02', 'COD073', 2, 2, 'Tarde', 2),
(74, 'Mateus', 'Oliveira', '45678901232', '85985879638', '2019-03-09', 'COD074', 3, 3, 'Noite', 3),
(75, 'Ricardo', 'Rocha', '56789012346', '85985879639', '2020-04-14', 'COD075', 4, 4, 'Madrugada', 4),
(76, 'Larissa', 'Nunes', '67890123457', '85985879640', '2021-05-19', 'COD076', 2, 1, 'Manhã', 1),
(77, 'Pedro', 'Lima', '78901234568', '85985879641', '2022-06-23', 'COD077', 1, 2, 'Tarde', 2),
(78, 'Cristina', 'Santos', '89012345679', '85985879642', '2019-07-28', 'COD078', 2, 1, 'Manhã', 1),
(79, 'Sérgio', 'Sousa', '90123456790', '85985879643', '2019-08-31', 'COD079', 3, 2, 'Tarde', 2),
(80, 'João', 'Silva', '01234567891', '85985879644', '2020-10-05', 'COD080', 4, 3, 'Noite', 3),
(81, 'Mariana', 'Ferreira', '12345678902', '85985879645', '2021-11-09', 'COD081', 2, 4, 'Madrugada', 4),
(82, 'Lucas', 'Santos', '23456789013', '85985879646', '2022-12-14', 'COD082', 1, 1, 'Manhã', 1),
(83, 'Camila', 'Lima', '34567890124', '85985879647', '2019-01-18', 'COD083', 2, 2, 'Tarde', 2),
(84, 'Paulo', 'Oliveira', '45678901232', '85985879648', '2019-02-22', 'COD084', 3, 3, 'Noite', 3),
(85, 'Laura', 'Rocha', '56789012346', '85985879649', '2020-03-29', 'COD085', 4, 4, 'Madrugada', 4),
(86, 'Gustavo', 'Ferreira', '67890123457', '85985879650', '2021-05-03', 'COD086', 2, 1, 'Manhã', 1),
(86, 'Gustavo', 'Ferreira', '67890123457', '85985879650' ,'2021-05-03', 'COD086', 2, 1, 'Manhã', 1),
(87, 'Bianca', 'Pereira', '78901234568', '85985879651' ,'2022-06-07', 'COD087', 1, 2, 'Tarde', 2),
(88, 'Eduardo', 'Santana', '89012345679', '85985879652' ,'2019-07-12', 'COD088', 2, 1, 'Manhã', 1),
(89, 'Marta', 'Oliveira', '90123456790', '85985879653' ,'2019-08-16', 'COD089', 3, 2, 'Tarde', 2),
(90, 'Pedro', 'Rocha', '01234567891', '85985879654' ,'2020-09-20', 'COD090', 4, 3, 'Noite', 3),
(91, 'Mariana', 'Ferreira', '90123456780', '85985879623', '2019-09-25', 'COD091', 3, 20, 'Tarde', 2),
(92, 'Lucas', 'Santos', '01234567891', '85985879624', '2019-10-30', 'COD092', 4, 21, 'Noite', 3),
(93, 'Camila', 'Lima', '12345678902', '85985879625', '2020-12-04', 'COD093', 2, 22, 'Madrugada', 4),
(94, 'Paulo', 'Nunes', '23456789013', '85985879626', '2022-01-08', 'COD094', 1, 23, 'Manhã', 1),
(95, 'Laura', 'Silva', '34567890124', '85985879627', '2019-02-13', 'COD095', 2, 24, 'Tarde', 2),
(96, 'Gustavo', 'Oliveira', '45678901232', '85985879628', '2019-03-19', 'COD096', 3, 25, 'Noite', 3),
(97, 'Bianca', 'Rocha', '56789012346', '85985879629', '2020-04-24', 'COD097', 4, 26, 'Madrugada', 4),
(98, 'Eduardo', 'Ferreira', '67890123457', '85985879630', '2021-05-29', 'COD098', 2, 27, 'Manhã', 1),
(99, 'Marta', 'Pereira', '78901234568', '85985879631', '2022-07-03', 'COD099', 1, 28, 'Tarde', 2),
(100, 'Pedro', 'Santana', '89012345679', '85985879632', '2019-08-08', 'COD100', 2, 29, 'Manhã', 1),
(101, 'Amanda', 'Oliveira', '90123456790', '85985879633', '2019-09-13', 'COD101', 3, 30, 'Tarde', 2),
(102, 'Rafael', 'Rocha', '01234567891', '85985879634', '2020-10-18', 'COD102', 4, 31, 'Noite', 3),
(103, 'Fernanda', 'Nunes', '12345678902', '85985879635', '2021-11-22', 'COD103', 2, 32, 'Madrugada', 4),
(104, 'Luiz', 'Lima', '23456789013', '85985879636', '2022-12-27', 'COD104', 1, 33, 'Manhã', 1),
(105, 'Carolina', 'Silva', '34567890124', '85985879637', '2019-02-02', 'COD105', 2, 34, 'Tarde', 2),
(106, 'Mateus', 'Oliveira', '45678901232', '85985879638', '2019-03-09', 'COD106', 3, 35, 'Noite', 3),
(107, 'Ricardo', 'Rocha', '56789012346', '85985879639', '2020-04-14', 'COD107', 4, 36, 'Madrugada', 4),
(108, 'Larissa', 'Nunes', '67890123457', '85985879640', '2021-05-19', 'COD108', 2, 37, 'Manhã', 1),
(109, 'Pedro', 'Lima', '78901234568', '85985879641', '2022-06-23', 'COD109', 1, 38, 'Tarde', 2),
(110, 'Cristina', 'Santos', '89012345679', '85985879642', '2019-07-28', 'COD110', 2, 39, 'Manhã', 1),
(111, 'Sérgio', 'Sousa', '90123456790', '85985879643', '2019-08-31', 'COD111', 3, 40, 'Tarde', 2),
(112, 'João', 'Silva', '01234567891', '85985879644', '2020-10-05', 'COD112', 4, 20, 'Noite', 3),
(113, 'Mariana', 'Ferreira', '12345678902', '85985879645', '2021-11-09', 'COD113', 2, 21, 'Madrugada', 4),
(114, 'Lucas', 'Santos', '23456789013', '85985879646', '2022-12-14', 'COD114', 1, 22, 'Manhã', 1),
(115, 'Camila', 'Lima', '34567890124', '85985879647', '2019-01-18', 'COD115', 2, 23, 'Tarde', 2),
(116, 'Paulo', 'Oliveira', '45678901232', '85985879648', '2019-02-22', 'COD116', 3, 24, 'Noite', 3),
(117, 'Laura', 'Rocha', '56789012346', '85985879649', '2020-03-29', 'COD117', 4, 25, 'Madrugada', 4),
(118, 'Gustavo', 'Ferreira', '67890123457', '85985879650', '2021-05-03', 'COD118', 2, 26, 'Manhã', 1),
(119, 'Bianca', 'Pereira', '78901234568', '85985879651', '2022-06-07', 'COD119', 1, 27, 'Tarde', 2),
(120, 'Eduardo', 'Santana', '89012345679', '85985879652', '2019-07-12', 'COD120', 2, 28, 'Manhã', 1),
(121, 'Marta', 'Oliveira', '90123456780', '85985879653', '2019-09-25', 'COD121', 3, 29, 'Tarde', 2),
(122, 'Pedro', 'Rocha', '01234567891', '85985879654', '2019-10-30', 'COD122', 4, 30, 'Noite', 3),
(123, 'Mariana', 'Ferreira', '12345678902', '85985879655', '2020-12-04', 'COD123', 2, 31, 'Madrugada', 4),
(124, 'Lucas', 'Santos', '23456789013', '85985879656', '2022-01-08', 'COD124', 1, 32, 'Manhã', 1),
(125, 'Camila', 'Lima', '34567890124', '85985879657', '2019-02-13', 'COD125', 2, 33, 'Tarde', 2),
(126, 'Paulo', 'Oliveira', '45678901232', '85985879658', '2019-03-19', 'COD126', 3, 34, 'Noite', 3),
(127, 'Laura', 'Rocha', '56789012346', '85985879659', '2020-04-24', 'COD127', 4, 35, 'Madrugada', 4),
(128, 'Gustavo', 'Ferreira', '67890123457', '85985879660', '2021-05-29', 'COD128', 2, 36, 'Manhã', 1),
(129, 'Bianca', 'Pereira', '78901234568', '85985879661', '2022-07-03', 'COD129', 1, 37, 'Tarde', 2),
(130, 'Eduardo', 'Santana', '89012345679', '85985879662', '2019-08-08', 'COD130', 2, 38, 'Manhã', 1),
(131, 'Amanda', 'Oliveira', '90123456790', '85985879663', '2019-09-13', 'COD131', 3, 39, 'Tarde', 2),
(132, 'Rafael', 'Rocha', '01234567891', '85985879664', '2020-10-18', 'COD132', 4, 40, 'Noite', 3),
(133, 'Fernanda', 'Nunes', '12345678902', '85985879665', '2021-11-22', 'COD133', 2, 20, 'Madrugada', 4),
(134, 'Luiz', 'Lima', '23456789013', '85985879666', '2022-12-27', 'COD134', 1, 21, 'Manhã', 1),
(135, 'Carolina', 'Silva', '34567890124', '85985879667', '2019-02-02', 'COD135', 2, 22, 'Tarde', 2),
(136, 'Mateus', 'Oliveira', '45678901232', '85985879668', '2019-03-09', 'COD136', 3, 23, 'Noite', 3),
(137, 'Ricardo', 'Rocha', '56789012346', '85985879669', '2020-04-14', 'COD137', 4, 24, 'Madrugada', 4),
(138, 'Larissa', 'Nunes', '67890123457', '85985879670', '2021-05-19', 'COD138', 2, 25, 'Manhã', 1),
(139, 'Pedro', 'Lima', '78901234568', '85985879671', '2022-06-23', 'COD139', 1, 26, 'Tarde', 2),
(140, 'Cristina', 'Santos', '89012345679', '85985879672', '2019-07-28', 'COD140', 2, 27, 'Manhã', 1),
(141, 'Sérgio', 'Sousa', '90123456790', '85985879673', '2019-08-31', 'COD141', 3, 28, 'Tarde', 2),
(142, 'João', 'Silva', '01234567891', '85985879674', '2020-10-05', 'COD142', 4, 29, 'Noite', 3),
(143, 'Mariana', 'Ferreira', '12345678902', '85985879675', '2021-11-09', 'COD143', 2, 30, 'Madrugada', 4),
(144, 'Lucas', 'Santos', '23456789013', '85985879676', '2022-12-14', 'COD144', 1, 31, 'Manhã', 1),
(145, 'Camila', 'Lima', '34567890124', '85985879677', '2019-01-18', 'COD145', 2, 32, 'Tarde', 2),
(146, 'Paulo', 'Oliveira', '45678901232', '85985879678', '2019-02-22', 'COD146', 3, 33, 'Noite', 3),
(147, 'Laura', 'Rocha', '56789012346', '85985879679', '2020-03-29', 'COD147', 4, 34, 'Madrugada', 4),
(148, 'Gustavo', 'Ferreira', '67890123457', '85985879680', '2021-05-03', 'COD148', 2, 35, 'Manhã', 1),
(149, 'Bianca', 'Pereira', '78901234568', '85985879681', '2022-06-07', 'COD149', 1, 36, 'Tarde', 2),
(150, 'Eduardo', 'Santana', '89012345679', '85985879682', '2019-07-12', 'COD150', 2, 37, 'Manhã', 1),
(151, 'Marta', 'Oliveira', '90123456790', '85985879683', '2019-08-16', 'COD151', 3, 38, 'Tarde', 2),
(152, 'Pedro', 'Rocha', '01234567891', '85985879684', '2020-09-20', 'COD152', 4, 39, 'Noite', 3),
(153, 'Mariana', 'Ferreira', '12345678902', '85985879685', '2021-10-25', 'COD153', 2, 40, 'Madrugada', 4),
(154, 'Lucas', 'Santos', '23456789013', '85985879686', '2022-11-29', 'COD154', 1, 20, 'Manhã', 1),
(155, 'Camila', 'Lima', '34567890124', '85985879687', '2019-01-03', 'COD155', 2, 21, 'Tarde', 2),
(156, 'Paulo', 'Oliveira', '45678901232', '85985879688', '2019-02-07', 'COD156', 3, 22, 'Noite', 3),
(157, 'Laura', 'Rocha', '56789012346', '85985879689', '2020-03-12', 'COD157', 4, 23, 'Madrugada', 4),
(158, 'Gustavo', 'Ferreira', '67890123457', '85985879690', '2021-04-16', 'COD158', 2, 24, 'Manhã', 1),
(159, 'Bianca', 'Pereira', '78901234568', '85985879691', '2022-05-21', 'COD159', 1, 25, 'Tarde', 2),
(160, 'Eduardo', 'Santana', '89012345679', '85985879692', '2019-06-25', 'COD160', 2, 26, 'Manhã', 1);

-- Segundo Insert: Funcionários
INSERT INTO funcionarios (id, nome, sobrenome, cpf, matricula, data_contratacao, cargo) VALUES
(1, 'Lucas', 'Silva', 12345678901, 101, '2018-06-25', 'Instrutor'),
(2, 'Mariana', 'Ferreira', 23456789002, 102, '2018-02-20', 'Instrutor'),
(3, 'Rodrigo', 'Pereira', 34567890103, 103, '2018-03-25', 'Instrutor'),
(4, 'Isabel', 'Oliveira', 45678901204, 104, '2017-04-30', 'Instrutor'),
(5, 'Ana', 'Lima', 56789012304, 105, '2018-05-05', 'Fisioterapeuta'),
(6, 'Rafael', 'Santos', 67890123405, 106, '2018-06-10', 'Nutricionista'),
(7, 'Gustavo', 'Nunes', 78901234507, 107, '2017-07-15', 'Analista de TI'),
(8, 'Camila', 'Oliveira', 89012345608, 108, '2018-08-20', 'Recepcionista'),
(9, 'José', 'Pereira', 90123456707, 109, '2018-09-25', 'Administrativo'),
(10, 'Bianca', 'Silva', 01234567810, 110, '2017-10-30', 'Gerente');

-- Quarto Insert: Produtos
INSERT INTO produtos (id, nome_produto, codigo, tipo, valor) VALUES
(1, 'Whey Protein', 'WP001', 'Suplemento', 99.99),
(2, 'BCAA', 'BCAA002', 'Suplemento', 49.99),
(3, 'Legging Preto', 'LG003', 'Roupa', 39.99),
(4, 'Camiseta Dry-Fit', 'CM004', 'Roupa', 29.99),
(5, 'Fone de Ouvido Bluetooth', 'FO005', 'Acessório', 79.99),
(6, 'Caneleira 2kg', 'CNL006', 'Acessório', 19.99),
(7, 'Creatina em Pó', 'CTN007', 'Suplemento', 29.99),
(8, 'Shorts Térmico', 'ST008', 'Roupa', 34.99),
(9, 'Squeeze 750ml', 'SQZ009', 'Acessório', 9.99),
(10, 'Luvas de Treino', 'LVT010', 'Acessório', 24.99),
(11, 'Case para Celular', 'CC011', 'Acessório', 14.99),
(12, 'Bermuda Térmica', 'BRM012', 'Roupa', 44.99),
(13, 'Bolsa Esportiva', 'BLS013', 'Acessório', 49.99),
(14, 'Corda de Pular', 'CRP014', 'Acessório', 12.99),
(15, 'Blusa de Manga Longa', 'BML015', 'Roupa', 39.99),
(16, 'Shaker para Suplementos', 'SHK016', 'Acessório', 8.99),
(17, 'Meia de Compressão', 'MC017', 'Roupa', 19.99),
(18, 'Cinta Modeladora', 'CMT018', 'Roupa', 29.99),
(19, 'Mochila Esportiva', 'MCH019', 'Acessório', 39.99),
(20, 'Cinto para Musculação', 'CNT020', 'Acessório', 19.99),
(21, 'Legging Estampada', 'LGE021', 'Roupa', 49.99),
(22, 'Top Esportivo', 'TPE022', 'Roupa', 24.99),
(23, 'Compressa de Gelo', 'CGI023', 'Acessório', 9.99),
(24, 'Creme de Massagem', 'CRM024', 'Acessório', 14.99),
(25, 'Máscara de Treino', 'MTR025', 'Acessório', 7.99),
(26, 'Bolsa Térmica', 'BTS026', 'Acessório', 29.99),
(27, 'Caneleira 5kg', 'CNL027', 'Acessório', 34.99),
(28, 'Shorts de Compressão', 'SDC028', 'Roupa', 34.99),
(29, 'Sapatilha de Treino', 'SPT029', 'Roupa', 49.99),
(30, 'Tênis de Corrida', 'TNS030', 'Roupa', 89.99),
(31, 'Shorts de Treino', 'ST031', 'Roupa', 39.99),
(32, 'Caneleira 3kg', 'CNL032', 'Acessório', 24.99),
(33, 'Regata Masculina', 'RGM033', 'Roupa', 29.99),
(34, 'Máscara de Proteção', 'MSP034', 'Acessório', 4.99),
(35, 'Legging Colorida', 'LGC035', 'Roupa', 49.99),
(36, 'Fone de Ouvido com Microfone', 'FOM036', 'Acessório', 59.99),
(37, 'Camiseta Regata', 'CMR037', 'Roupa', 19.99),
(38, 'Corda de Pular Profissional', 'CRP038', 'Acessório', 18.99),
(39, 'Luvas de Musculação', 'LVM039', 'Acessório', 29.99),
(40, 'Top Fitness', 'TPF040', 'Roupa', 24.99),
(41, 'Tênis de Treino', 'TNT041', 'Roupa', 79.99),
(42, 'Squeeze 1 Litro', 'SQZ042', 'Acessório', 14.99),
(43, 'Caneleira 4kg', 'CNL043', 'Acessório', 29.99),
(44, 'Camiseta Estampada', 'CME044', 'Roupa', 34.99),
(45, 'Meia Esportiva', 'MES045', 'Roupa', 9.99),
(46, 'Bermuda de Compressão', 'BDC046', 'Roupa', 29.99),
(47, 'Bolsa Térmica Grande', 'BTG047', 'Acessório', 44.99),
(48, 'Legging Estampada Colorida', 'LEC048', 'Roupa', 59.99),
(49, 'Tênis de Corrida Profissional', 'TCP049', 'Roupa', 99.99),
(50, 'Cinta Modeladora com Zíper', 'CMZ050', 'Roupa', 39.99),
(51, 'Máscara de Treino Esportiva', 'MTE051', 'Acessório', 12.99),
(52, 'Compressa de Gelo Reutilizável', 'CGR052', 'Acessório', 14.99),
(53, 'Shorts de Compressão Masculino', 'SCM053', 'Roupa', 34.99),
(54, 'Bola de Pilates', 'BPL054', 'Acessório', 24.99),
(55, 'Faixa Elástica de Resistência', 'FER055', 'Acessório', 9.99),
(56, 'Caneleira Ajustável', 'CAA056', 'Acessório', 49.99),
(57, 'Sapatilha de Treino Profissional', 'STP057', 'Roupa', 69.99),
(58, 'Camiseta Dry-Fit Masculina', 'CDF058', 'Roupa', 34.99),
(59, 'Legging com Bolso', 'LGB059', 'Roupa', 44.99),
(60, 'Tênis de Corrida Leve', 'TCL060', 'Roupa', 69.99),
(61, 'Caneleira 6kg', 'CNL061', 'Acessório', 39.99),
(62, 'Regata Feminina', 'RGF062', 'Roupa', 24.99),
(63, 'Mochila Esportiva Grande', 'MEG063', 'Acessório', 59.99),
(64, 'Bolsa de Viagem com Rodinhas', 'BVR064', 'Acessório', 79.99),
(65, 'Fone de Ouvido à Prova Dágua', 'FOP065', 'Acessório', 69.99),
(66, 'Camiseta Regata Masculina', 'CRM066', 'Roupa', 24.99),
(67, 'Corda de Pular Profissional em Aço', 'CPP067', 'Acessório', 24.99),
(68, 'Caneleira 5kg Ajustável', 'C5A068', 'Acessório', 54.99),
(69, 'Top Fitness com Bojo', 'TFB069', 'Roupa', 34.99),
(70, 'Tênis de Treino Respirável', 'TTR070', 'Roupa', 79.99),
(71, 'Shorts de Compressão Feminino', 'SCF071', 'Roupa', 34.99),
(72, 'Bola de Pilates Anti-Estouro', 'BPE072', 'Acessório', 29.99),
(73, 'Faixa Elástica de Resistência Média', 'FEM073', 'Acessório', 14.99),
(74, 'Caneleira Ajustável 8kg', 'CA8K074', 'Acessório', 64.99),
(75, 'Sapatilha de Treino Flexível', 'STF075', 'Roupa', 74.99),
(76, 'Camiseta Dry-Fit Feminina', 'CDF076', 'Roupa', 34.99),
(77, 'Legging Estampada Floral', 'LEF077', 'Roupa', 49.99),
(78, 'Tênis de Corrida com Amortecimento', 'TCA078', 'Roupa', 89.99),
(79, 'Caneleira 7kg', 'CNL079', 'Acessório', 49.99),
(80, 'Regata Masculina Dry-Fit', 'RMD080', 'Roupa', 39.99),
(81, 'Mochila Esportiva Média', 'MEM081', 'Acessório', 39.99),
(82, 'Bolsa de Treino com Compartimentos', 'BTC082', 'Acessório', 69.99),
(83, 'Fone de Ouvido Bluetooth Resistente ao Suor', 'FBS083', 'Acessório', 79.99),
(84, 'Camiseta Regata Dry-Fit Feminina', 'CRF084', 'Roupa', 29.99),
(85, 'Corda de Pular Profissional em PVC', 'CPP085', 'Acessório', 14.99),
(86, 'Caneleira 3kg Ajustável', 'C3A086', 'Acessório', 34.99),
(87, 'Top Fitness Estampado', 'TFE087', 'Roupa', 44.99),
(88, 'Tênis de Treino Leve', 'TTL088', 'Roupa', 69.99),
(89, 'Shorts de Treino com Bolso', 'STB089', 'Roupa', 39.99),
(90, 'Bola de Pilates Anti-Estouro com Bomba', 'BPEB090', 'Acessório', 34.99),
(91, 'Faixa Elástica de Resistência Forte', 'FEF091', 'Acessório', 19.99),
(92, 'Caneleira Ajustável 10kg', 'CA10K092', 'Acessório', 74.99),
(93, 'Sapatilha de Treino Leve', 'STL093', 'Roupa', 64.99),
(94, 'Camiseta Dry-Fit Masculina Manga Longa', 'CDML094', 'Roupa', 49.99),
(95, 'Legging com Detalhes Refletivos', 'LDR095', 'Roupa', 54.99),
(96, 'Tênis de Corrida com Solado Amortecido', 'TCS096', 'Roupa', 94.99),
(97, 'Caneleira 8kg', 'CNL097', 'Acessório', 59.99),
(98, 'Regata Feminina Dry-Fit', 'RFD098', 'Roupa', 34.99),
(99, 'Mochila Esportiva Pequena', 'MEP099', 'Acessório', 29.99),
(100, 'Bolsa de Treino Compacta', 'BTC100', 'Acessório', 49.99),
(101, 'Legging de Compressão Feminina', 'LCF101', 'Roupa', 39.99),
(102, 'Squeeze de Treino 750ml', 'SQZ102', 'Acessório', 9.99),
(103, 'Luvas de Academia Anti-Derrapantes', 'LAA103', 'Acessório', 19.99),
(104, 'Bola de Exercícios Anti-Estouro 65cm', 'BEAE104', 'Acessório', 24.99),
(105, 'Calça Térmica para Corrida', 'CTC105', 'Roupa', 49.99),
(106, 'Camiseta Dry-Fit Masculina Manga Curta', 'CDMC106', 'Roupa', 29.99),
(107, 'Shorts de Treino com Forro', 'STF107', 'Roupa', 39.99),
(108, 'Tênis de Corrida Leve e Flexível', 'TCL108', 'Roupa', 79.99),
(109, 'Caneleira 5kg Ajustável', 'C5A109', 'Acessório', 44.99),
(110, 'Top Fitness com Bojo Removível', 'TFB110', 'Roupa', 34.99),
(111, 'Mochila Esportiva Grande', 'MEG111', 'Acessório', 49.99),
(112, 'Bolsa Térmica para Refeições', 'BTR112', 'Acessório', 39.99),
(113, 'Fone de Ouvido Bluetooth Esportivo', 'FBE113', 'Acessório', 59.99),
(114, 'Camiseta Regata Dry-Fit Masculina', 'CRDM114', 'Roupa', 29.99),
(115, 'Corda de Pular Profissional em Aço', 'CPPA115', 'Acessório', 19.99),
(116, 'Caneleira 4kg', 'CNL116', 'Acessório', 39.99),
(117, 'Regata Fitness com Detalhe em Renda', 'RFR117', 'Roupa', 44.99),
(118, 'Tênis de Treino Leve e Respirável', 'TLR118', 'Roupa', 69.99),
(119, 'Shorts de Treino com Zíper', 'STZ119', 'Roupa', 39.99),
(120, 'Bola de Pilates Anti-Estouro 55cm', 'BEAE55', 'Acessório', 19.99),
(121, 'Faixa Elástica de Resistência Extra Forte', 'FER121', 'Acessório', 24.99),
(122, 'Caneleira Ajustável 12kg', 'CA12K122', 'Acessório', 84.99),
(123, 'Sapatilha de Treino com Amortecimento', 'STA123', 'Roupa', 79.99),
(124, 'Camiseta Dry-Fit Estampada Feminina', 'CDEF124', 'Roupa', 34.99),
(125, 'Legging com Bolso para Celular', 'LBC125', 'Roupa', 54.99),
(126, 'Tênis de Corrida com Solado Resistente', 'TCR126', 'Roupa', 99.99),
(127, 'Caneleira 9kg', 'CNL127', 'Acessório', 69.99),
(128, 'Regata Fitness Dry-Fit Masculina', 'RFDM128', 'Roupa', 34.99),
(129, 'Mochila Esportiva Média com Compartimentos', 'MEMC129', 'Acessório', 44.99),
(130, 'Bolsa de Treino Espaçosa', 'BTE130', 'Acessório', 59.99);

-- Quinto Insert: Serviços
INSERT INTO servicos (id, nome_servico, codigo, valor) VALUES
(1, 'Sessão de Massoterapia Relaxante', 'SMR201', 80.00),
(2, 'Acupuntura para Alívio de Dores', 'AAD202', 210.00),
(3, 'Sessão de Quiropraxia para Coluna', 'SQC203', 170.00),
(4, 'Tratamento de Reflexologia Podal', 'TRP204', 95.00),
(5, 'Sessão de Shiatsu Terapêutico', 'SST205', 130.00),
(6, 'Sessão de Terapia com Pedras Quentes', 'STPQ206', 100.00),
(7, 'Sessão de Liberação Miofascial', 'SLM207', 100.00),
(8, 'Sessão de Auriculoterapia', 'SAT208', 150.00),
(9, 'Tratamento de Cromoterapia', 'TCT209', 200.00),
(10, 'Massagem Relaxante com Óleos Essenciais', 'MROE210', 85.00);


-- Sexto insert: Pagamentos das matrículas
INSERT INTO pagamentos (id, data_pagamento, qtd, id_cliente, id_planos, id_produto, id_servico) VALUES
(1, '2023-11-06', 1, 1, 1, 1, 1),
(2, '2023-11-06', 1, 2, 2, 2, 2),
(3, '2023-11-06', 1, 3, 3, 3, 3),
(4, '2023-11-06', 1, 4, 4, 4, 4),
(5, '2023-11-06', 1, 5, 5, 5, 5),
(6, '2023-11-06', 1, 6, 6, 6, 6),
(7, '2023-11-06', 1, 7, 7, 7, 7),
(8, '2023-11-06', 1, 8, 8, 8, 8),
(9, '2023-11-06', 1, 9, 9, 9, 9),
(10, '2023-11-06', 1, 10, 10, 10, 10),
(11, '2023-11-06', 1, 11, 11, 11, 11),
(12, '2023-11-06', 1, 12, 12, 12, 12),
(13, '2023-11-06', 1, 13, 13, 13, 13),
(14, '2023-11-06', 1, 14, 14, 14, 14),
(15, '2023-11-06', 1, 15, 15, 15, 15),
(16, '2023-11-06', 1, 16, 16, 16, 16),
(17, '2023-11-06', 1, 17, 17, 17, 17),
(18, '2023-11-06', 1, 18, 18, 18, 18),
(19, '2023-11-06', 1, 19, 19, 19, 19),
(20, '2023-11-06', 1, 20, 20, 20, 20),
(21, '2023-11-06', 1, 21, 21, 21, 21),
(22, '2023-11-06', 1, 22, 22, 22, 22),
(23, '2023-11-06', 1, 23, 23, 23, 23),
(24, '2023-11-06', 1, 24, 24, 24, 24),
(25, '2023-11-06', 1, 25, 25, 25, 25),
(26, '2023-11-06', 1, 26, 26, 26, 26),
(27, '2023-11-06', 1, 27, 27, 27, 27),
(28, '2023-11-06', 1, 28, 28, 28, 28),
(29, '2023-11-06', 1, 29, 29, 29, 29),
(30, '2023-11-06', 1, 30, 30, 30, 30),
(31, '2023-11-07', 1, 31, 1, 1, 1),
(32, '2023-11-07', 1, 32, 2, 2, 2),
(33, '2023-11-07', 1, 33, 3, 3, 3),
(34, '2023-11-07', 1, 34, 4, 4, 4),
(35, '2023-11-07', 1, 35, 5, 5, 5),
(36, '2023-11-07', 1, 36, 6, 6, 6),
(37, '2023-11-07', 1, 37, 7, 7, 7),
(38, '2023-11-07', 1, 38, 8, 8, 8),
(39, '2023-11-07', 1, 39, 9, 9, 9),
(40, '2023-11-07', 1, 40, 10, 10, 10),
(41, '2023-11-07', 1, 21, 11, 11, 11),
(42, '2023-11-07', 1, 22, 12, 12, 12),
(43, '2023-11-07', 1, 23, 13, 13, 13),
(44, '2023-11-07', 1, 24, 14, 14, 14),
(45, '2023-11-07', 1, 25, 15, 15, 15),
(46, '2023-11-07', 1, 26, 16, 16, 16),
(47, '2023-11-07', 1, 27, 17, 17, 17),
(48, '2023-11-07', 1, 28, 18, 18, 18),
(49, '2023-11-07', 1, 29, 19, 19, 19),
(50, '2023-11-07', 1, 30, 20, 20, 20),
(51, '2023-11-07', 1, 1, 21, 21, 21),
(52, '2023-11-07', 1, 2, 22, 22, 22),
(53, '2023-11-07', 1, 3, 23, 23, 23),
(54, '2023-11-07', 1, 4, 24, 24, 24),
(55, '2023-11-07', 1, 5, 25, 25, 25),
(56, '2023-11-07', 1, 6, 26, 26, 26),
(57, '2023-11-07', 1, 7, 27, 27, 27),
(58, '2023-11-07', 1, 8, 28, 28, 28),
(59, '2023-11-07', 1, 9, 29, 29, 29),
(60, '2023-11-07', 1, 10, 30, 30, 30),
(61, '2023-11-07', 1, 11, 31, 1, 1),
(62, '2023-11-07', 1, 12, 32, 2, 2),
(63, '2023-11-07', 1, 13, 33, 3, 3),
(64, '2023-11-07', 1, 14, 34, 4, 4),
(65, '2023-11-07', 1, 15, 35, 5, 5),
(66, '2023-11-07', 1, 16, 36, 6, 6),
(67, '2023-11-07', 1, 17, 37, 7, 7),
(68, '2023-11-07', 1, 18, 38, 8, 8),
(69, '2023-11-07', 1, 19, 39, 9, 9),
(70, '2023-11-07', 1, 20, 40, 10, 10),
(71, '2023-11-07', 1, 21, 21, 11, 11),
(72, '2023-11-07', 1, 22, 22, 12, 12),
(73, '2023-11-07', 1, 23, 23, 13, 13),
(74, '2023-11-07', 1, 24, 24, 14, 14),
(75, '2023-11-07', 1, 25, 25, 15, 15),
(76, '2023-11-07', 1, 26, 26, 16, 16),
(77, '2023-11-07', 1, 27, 27, 17, 17),
(78, '2023-11-07', 1, 28, 28, 18, 18),
(79, '2023-11-07', 1, 29, 29, 19, 19),
(80, '2023-11-07', 1, 30, 30, 20, 20),
(81, '2023-11-08', 1, 31, 1, 1, 1),
(82, '2023-11-08', 1, 32, 2, 2, 2),
(83, '2023-11-08', 1, 33, 3, 3, 3),
(84, '2023-11-08', 1, 34, 4, 4, 4),
(85, '2023-11-08', 1, 35, 5, 5, 5),
(86, '2023-11-08', 1, 36, 6, 6, 6),
(87, '2023-11-08', 1, 37, 7, 7, 7),
(88, '2023-11-08', 1, 38, 8, 8, 8),
(89, '2023-11-08', 1, 39, 9, 9, 9),
(90, '2023-11-08', 1, 40, 10, 10, 10),
(91, '2023-11-08', 1, 21, 11, 11, 11),
(92, '2023-11-08', 1, 22, 12, 12, 12),
(93, '2023-11-08', 1, 23, 13, 13, 13),
(94, '2023-11-08', 1, 24, 14, 14, 14),
(95, '2023-11-08', 1, 25, 15, 15, 15),
(96, '2023-11-08', 1, 26, 16, 16, 16),
(97, '2023-11-08', 1, 27, 17, 17, 17),
(98, '2023-11-08', 1, 28, 18, 18, 18),
(99, '2023-11-08', 1, 29, 19, 19, 19),
(100, '2023-11-08', 1, 30, 20, 20, 20),
(101, '2023-11-08', 1, 1, 21, 21, 21),
(102, '2023-11-08', 1, 2, 22, 22, 22),
(103, '2023-11-08', 1, 3, 23, 23, 23),
(104, '2023-11-08', 1, 4, 24, 24, 24),
(105, '2023-11-08', 1, 5, 25, 25, 25),
(106, '2023-11-08', 1, 6, 26, 26, 26),
(107, '2023-11-08', 1, 7, 27, 27, 27),
(108, '2023-11-08', 1, 8, 28, 28, 28),
(109, '2023-11-08', 1, 9, 29, 29, 29),
(110, '2023-11-08', 1, 10, 30, 30, 30),
(111, '2023-11-08', 1, 11, 31, 1, 1),
(112, '2023-11-08', 1, 12, 32, 2, 2),
(113, '2023-11-08', 1, 13, 33, 3, 3),
(114, '2023-11-08', 1, 14, 34, 4, 4),
(115, '2023-11-08', 1, 15, 35, 5, 5),
(116, '2023-11-08', 1, 16, 36, 6, 6),
(117, '2023-11-08', 1, 17, 37, 7, 7),
(118, '2023-11-08', 1, 18, 38, 8, 8),
(119, '2023-11-08', 1, 19, 39, 9, 9),
(120, '2023-11-08', 1, 20, 40, 10, 10);

-- Sétimo Insert : Status de saude
INSERT INTO status_saude (id, nome, tipo_doenca, codigo_doenca, saude, profissional_responsavel) VALUES
(1, 'Contratura Muscular', 'Problema Muscular', 'M62.5', 1, 101),
(2, 'Distensão Muscular', 'Problema Muscular', 'S33.5', 2, 102),
(3, 'Tendinite', 'Problema Muscular', 'M75', 3, 103),
(4, 'Dor nas Costas', 'Problema Muscular', 'M54', 4, 104),
(5, 'Lesão no Ombro', 'Problema Muscular', 'S43', 1, 101),
(6, 'Cãibra Muscular', 'Problema Muscular', 'M62.8', 2, 102),
(7, 'Lesão no Joelho', 'Problema Muscular', 'S83', 3, 103),
(8, 'Contratura de Dupuytren', 'Problema Muscular', 'M72.0', 4, 104),
(9, 'Dor no Pescoço', 'Problema Muscular', 'M54.2', 1, 101),
(10, 'Síndrome do Túnel do Carpo', 'Problema Muscular', 'G56', 2, 102),
(11, 'Dor nas Articulações', 'Problema Muscular', 'M25', 3, 103),
(12, 'Hérnia de Disco', 'Problema Muscular', 'M51', 4, 104),
(13, 'Lesão na Panturrilha', 'Problema Muscular', 'S86', 1, 101),
(14, 'Tensão Muscular', 'Problema Muscular', 'M62.6', 2, 102),
(15, 'Espasmo Muscular', 'Problema Muscular', 'M62.8', 3, 103),
(16, 'Dor no Quadril', 'Problema Muscular', 'M25.5', 4, 104),
(17, 'Lesão no Tornozelo', 'Problema Muscular', 'S93', 1, 101),
(18, 'Artrite Reativa', 'Problema Muscular', 'M02', 2, 102),
(19, 'Síndrome do Ombro Congelado', 'Problema Muscular', 'M75.0', 3, 103),
(20, 'Dor nas Mãos', 'Problema Muscular', 'M79.0', 4, 104),
(21, 'Fibromialgia', 'Problema Muscular', 'M79.7', 1, 101),
(22, 'Lesão no Punho', 'Problema Muscular', 'S63', 2, 102),
(23, 'Dor na Lombar', 'Problema Muscular', 'M54.5', 3, 103),
(24, 'Epicondilite Lateral', 'Problema Muscular', 'M77', 4, 104),
(25, 'Lesão no Quadríceps', 'Problema Muscular', 'S76', 1, 101),
(26, 'Síndrome de Tietze', 'Problema Muscular', 'M94.0', 2, 102),
(27, 'Dor no Pé', 'Problema Muscular', 'M79.6', 3, 103),
(28, 'Mialgia', 'Problema Muscular', 'M79.1', 4, 104),
(29, 'Tendinite de Aquiles', 'Problema Muscular', 'M76.6', 1, 101),
(30, 'Cisto Sinovial', 'Problema Muscular', 'M71', 2, 102),
(31, 'Estresse Crônico', 'Saúde Mental', 'F43.1', 1, 101),
(32, 'Transtorno de Ansiedade Generalizada', 'Saúde Mental', 'F41.1', 2, 102),
(33, 'Síndrome do Pânico', 'Saúde Mental', 'F41.0', 3, 103),
(34, 'Transtorno Obsessivo-Compulsivo', 'Saúde Mental', 'F42', 4, 104),
(35, 'Depressão', 'Saúde Mental', 'F32', 1, 101),
(36, 'Transtorno Bipolar', 'Saúde Mental', 'F31', 2, 102),
(37, 'Transtorno de Personalidade Borderline', 'Saúde Mental', 'F60.3', 3, 103),
(38, 'Transtorno de Déficit de Atenção e Hiperatividade (TDAH)', 'Saúde Mental', 'F90', 4, 104),
(39, 'Transtorno de Estresse Pós-Traumático (TEPT)', 'Saúde Mental', 'F43.1', 1, 101),
(40, 'Transtorno de Humor Persistente (Dysthymia)', 'Saúde Mental', 'F34.1', 2, 102);